transect_id,group_id,TransOrder,azimuth_deg,shoreline_count,shoreline_change_envelope_m,net_shoreline_movement_m,endpoint_rate_myr,endpoint_rate_unc_myr,linear_regression_rate_myr,linear_regression_r2,linear_regression_ci95_myr,weighted_linear_regression_rate_myr,weighted_regression_r2,weighted_regression_ci95_myr
1,0,1,58.96,18,48.23,0.46,0.01,0.03,0.07,0.01,0.5,0.07,0.01,0.5
2,0,2,57.79,18,76.42,-35.5,-0.87,0.03,-0.99,0.43,0.6,-0.99,0.43,0.6
3,0,3,57.97,18,60.76,-25.94,-0.63,0.03,-0.57,0.26,0.51,-0.57,0.26,0.51
4,0,4,58.13,18,51.33,-22.97,-0.56,0.03,-0.47,0.25,0.43,-0.47,0.25,0.43
5,0,5,58.27,18,51.32,-21.39,-0.52,0.03,-0.37,0.16,0.44,-0.37,0.16,0.44
6,0,6,58.39,18,47.32,-20.85,-0.51,0.03,-0.39,0.13,0.52,-0.39,0.13,0.52
7,0,7,58.5,18,52.92,-8.81,-0.21,0.03,-0.17,0.03,0.57,-0.17,0.03,0.57
8,0,8,58.35,18,62.53,-4.9,-0.12,0.03,-0.08,0.0,0.61,-0.08,0.0,0.61
9,0,9,58.09,18,60.5,-6.29,-0.15,0.03,-0.08,0.01,0.54,-0.08,0.01,0.54
10,0,10,57.84,18,52.4,-5.72,-0.14,0.03,0.03,0.0,0.48,0.03,0.0,0.48
11,0,11,57.2,18,46.38,-14.52,-0.35,0.03,-0.1,0.01,0.53,-0.1,0.01,0.53
12,0,12,56.61,18,68.49,-2.56,-0.06,0.03,0.45,0.06,0.96,0.45,0.06,0.96
13,0,13,55.12,18,77.63,17.52,0.43,0.03,0.81,0.21,0.84,0.81,0.21,0.84
14,0,14,53.52,18,55.98,22.29,0.54,0.03,0.42,0.1,0.69,0.42,0.1,0.69
15,0,15,52.38,18,60.17,4.18,0.1,0.03,-0.21,0.04,0.59,-0.21,0.04,0.59
16,0,16,50.92,18,51.01,-1.12,-0.03,0.03,0.07,0.01,0.49,0.07,0.01,0.49
17,0,17,50.7,18,46.28,-12.86,-0.31,0.03,0.1,0.01,0.47,0.1,0.01,0.47
18,0,18,49.09,18,53.03,-10.78,-0.26,0.03,0.07,0.0,0.55,0.07,0.0,0.55
19,0,19,46.96,18,48.25,-15.39,-0.38,0.03,-0.09,0.01,0.48,-0.09,0.01,0.48
20,0,20,44.9,18,47.94,-22.96,-0.56,0.03,-0.19,0.04,0.51,-0.19,0.04,0.51
21,0,21,42.67,18,47.7,-10.52,-0.26,0.03,-0.06,0.0,0.49,-0.06,0.0,0.49
22,0,22,43.02,18,46.64,-2.09,-0.05,0.03,0.19,0.04,0.52,0.19,0.04,0.52
23,0,23,43.45,18,50.38,12.73,0.31,0.03,0.51,0.24,0.48,0.51,0.24,0.48
24,0,24,44.78,18,38.71,17.6,0.43,0.03,0.53,0.32,0.41,0.53,0.32,0.41
25,0,25,47.29,18,58.18,19.64,0.48,0.03,0.62,0.22,0.61,0.62,0.22,0.61
26,0,26,49.07,18,54.99,11.82,0.29,0.03,0.54,0.23,0.53,0.54,0.23,0.53
27,0,27,50.55,18,51.24,6.69,0.16,0.03,0.24,0.04,0.63,0.24,0.04,0.63
28,0,28,51.26,18,71.14,31.39,0.77,0.03,0.47,0.08,0.82,0.47,0.08,0.82
29,0,29,52.04,18,59.51,10.73,0.26,0.03,1.01,0.5,0.53,1.01,0.5,0.53
30,0,30,53.2,18,104.61,38.03,0.93,0.03,1.67,0.5,0.88,1.67,0.5,0.88
31,0,31,54.38,18,177.86,89.82,2.19,0.03,2.99,0.58,1.34,2.99,0.58,1.34
32,0,32,55.58,18,166.23,85.82,2.09,0.03,3.03,0.56,1.42,3.03,0.56,1.42
33,0,33,57.02,18,79.44,49.43,1.21,0.03,1.04,0.42,0.65,1.04,0.42,0.65
34,0,34,58.54,18,44.91,-0.51,-0.01,0.03,0.88,0.47,0.49,0.88,0.47,0.49
35,0,35,59.97,18,49.22,-1.22,-0.03,0.03,0.85,0.45,0.5,0.85,0.45,0.5
36,0,36,61.84,18,27.15,-2.46,-0.06,0.03,0.27,0.16,0.32,0.27,0.16,0.32
37,0,37,63.72,18,39.27,1.35,0.03,0.03,0.1,0.02,0.36,0.1,0.02,0.36
38,0,38,66.16,18,46.34,-10.06,-0.25,0.03,-0.18,0.04,0.49,-0.18,0.04,0.49
39,0,39,68.12,18,66.9,-30.17,-0.74,0.03,-0.68,0.21,0.7,-0.68,0.21,0.7
40,0,40,70.53,18,72.15,-52.33,-1.28,0.03,-0.84,0.29,0.7,-0.84,0.29,0.7
41,0,41,74.69,18,71.86,-61.48,-1.5,0.03,-0.73,0.22,0.72,-0.73,0.22,0.72
42,0,42,77.04,18,71.8,-69.77,-1.7,0.03,-0.7,0.16,0.85,-0.7,0.16,0.85
43,0,43,80.21,18,78.4,-76.38,-1.86,0.03,-1.47,0.6,0.63,-1.47,0.6,0.63
44,0,44,84.37,18,109.06,-100.12,-2.44,0.03,-2.44,0.88,0.49,-2.44,0.88,0.49
45,0,45,88.34,18,125.85,-123.4,-3.01,0.03,-2.98,0.95,0.37,-2.98,0.95,0.37
46,0,46,92.09,18,134.11,-130.88,-3.19,0.03,-3.11,0.94,0.43,-3.11,0.94,0.43
47,0,47,93.36,18,126.15,-120.03,-2.93,0.03,-2.97,0.91,0.49,-2.97,0.91,0.49
48,0,48,94.28,18,118.99,-107.35,-2.62,0.03,-2.75,0.87,0.56,-2.75,0.87,0.56
49,0,49,95.15,18,107.25,-97.12,-2.37,0.03,-2.47,0.85,0.56,-2.47,0.85,0.56
50,0,50,96.01,18,109.01,-98.35,-2.4,0.03,-2.51,0.86,0.53,-2.51,0.86,0.53
51,0,51,96.65,18,92.77,-79.75,-1.94,0.03,-2.38,0.91,0.4,-2.38,0.91,0.4
52,0,52,96.78,18,81.48,-77.81,-1.9,0.03,-1.59,0.7,0.55,-1.59,0.7,0.55
53,0,53,96.87,18,100.1,-95.9,-2.34,0.03,-1.93,0.64,0.77,-1.93,0.64,0.77
54,0,54,96.89,18,124.5,-113.02,-2.76,0.03,-2.68,0.69,0.94,-2.68,0.69,0.94
55,0,55,96.52,18,94.95,-67.35,-1.64,0.03,-1.47,0.46,0.85,-1.47,0.46,0.85
56,0,56,96.15,18,51.41,-34.14,-0.83,0.03,-0.93,0.48,0.51,-0.93,0.48,0.51
57,0,57,95.79,18,73.27,-16.17,-0.39,0.03,-0.63,0.19,0.7,-0.63,0.19,0.7
58,0,58,95.49,18,79.28,-17.72,-0.43,0.03,-0.5,0.1,0.81,-0.5,0.1,0.81
59,0,59,95.26,18,66.88,-30.67,-0.75,0.03,-0.98,0.33,0.74,-0.98,0.33,0.74
60,0,60,95.14,18,68.14,-60.19,-1.47,0.03,-1.39,0.73,0.44,-1.39,0.73,0.44
61,0,61,95.01,18,66.78,-66.54,-1.62,0.03,-1.23,0.73,0.39,-1.23,0.73,0.39
62,0,62,94.95,18,60.19,-60.19,-1.47,0.03,-0.63,0.33,0.47,-0.63,0.33,0.47
63,0,63,94.91,18,49.48,-49.48,-1.21,0.03,-0.25,0.06,0.51,-0.25,0.06,0.51
64,0,64,94.87,18,47.01,-42.56,-1.04,0.03,-0.27,0.07,0.5,-0.27,0.07,0.5
65,0,65,94.46,18,47.8,-35.76,-0.87,0.03,-0.32,0.1,0.5,-0.32,0.1,0.5
66,0,66,92.53,18,48.52,-28.74,-0.7,0.03,-0.55,0.24,0.52,-0.55,0.24,0.52
67,0,67,92.16,18,54.3,-17.64,-0.43,0.03,-0.77,0.41,0.49,-0.77,0.41,0.49
68,0,68,91.75,18,45.99,-10.39,-0.25,0.03,-0.62,0.37,0.43,-0.62,0.37,0.43
69,0,69,90.73,18,39.69,-5.18,-0.13,0.03,-0.39,0.22,0.39,-0.39,0.22,0.39
70,0,70,89.62,18,29.81,-3.53,-0.09,0.03,-0.13,0.04,0.35,-0.13,0.04,0.35
71,0,71,88.53,18,23.42,-1.4,-0.03,0.03,0.07,0.02,0.3,0.07,0.02,0.3
72,0,72,87.95,18,28.65,6.87,0.17,0.03,0.25,0.13,0.35,0.25,0.13,0.35
73,0,73,87.56,18,36.04,1.19,0.03,0.03,0.47,0.3,0.38,0.47,0.3,0.38
74,0,74,87.23,18,44.43,-15.07,-0.37,0.03,0.37,0.14,0.48,0.37,0.14,0.48
75,0,75,86.78,18,56.68,-22.02,-0.54,0.03,0.55,0.22,0.55,0.55,0.22,0.55
76,0,76,86.17,18,54.59,-36.64,-0.89,0.03,0.13,0.02,0.52,0.13,0.02,0.52
77,0,77,86.07,18,56.67,-55.39,-1.35,0.03,-0.29,0.07,0.54,-0.29,0.07,0.54
78,0,78,86.0,18,55.88,-55.88,-1.36,0.03,-0.54,0.27,0.48,-0.54,0.27,0.48
79,0,79,86.0,18,64.27,-63.08,-1.54,0.03,-0.95,0.61,0.41,-0.95,0.61,0.41
80,0,80,86.25,18,72.82,-72.82,-1.78,0.03,-0.47,0.16,0.57,-0.47,0.16,0.57
81,0,81,86.51,18,69.33,-69.33,-1.69,0.03,-0.26,0.04,0.67,-0.26,0.04,0.67
82,0,82,86.6,18,41.25,-35.16,-0.86,0.03,0.28,0.09,0.49,0.28,0.09,0.49
83,0,83,86.62,18,63.59,-35.92,-0.88,0.03,0.44,0.14,0.59,0.44,0.14,0.59
84,0,84,86.49,18,47.52,-17.31,-0.42,0.03,0.54,0.25,0.5,0.54,0.25,0.5
85,0,85,86.2,18,66.41,-11.67,-0.28,0.03,0.98,0.4,0.63,0.98,0.4,0.63
86,0,86,85.92,18,72.3,9.06,0.22,0.03,1.23,0.56,0.58,1.23,0.56,0.58
87,0,87,85.75,18,66.15,23.95,0.58,0.03,1.24,0.69,0.44,1.24,0.69,0.44
88,0,88,85.64,18,65.39,31.84,0.78,0.03,1.43,0.73,0.47,1.43,0.73,0.47
89,0,89,85.53,18,94.57,34.08,0.83,0.03,2.0,0.77,0.57,2.0,0.77,0.57
90,0,90,85.42,18,71.59,25.35,0.62,0.03,1.33,0.73,0.43,1.33,0.73,0.43
91,0,91,85.7,18,55.42,10.31,0.25,0.03,0.89,0.59,0.39,0.89,0.59,0.39
92,0,92,84.95,18,54.55,-4.4,-0.11,0.03,0.8,0.47,0.46,0.8,0.47,0.46
93,0,93,83.97,18,54.11,-1.16,-0.03,0.03,0.76,0.44,0.45,0.76,0.44,0.45
94,0,94,83.17,18,57.49,10.88,0.27,0.03,0.98,0.55,0.47,0.98,0.55,0.47
95,0,95,82.47,18,61.12,32.16,0.78,0.03,1.11,0.67,0.41,1.11,0.67,0.41
96,0,96,81.76,18,55.36,33.87,0.83,0.03,1.01,0.68,0.37,1.01,0.68,0.37
97,0,97,81.14,18,47.1,20.04,0.49,0.03,0.76,0.57,0.35,0.76,0.57,0.35
98,0,98,80.6,18,61.37,4.63,0.11,0.03,0.64,0.34,0.48,0.64,0.34,0.48
99,0,99,80.06,18,47.51,7.1,0.17,0.03,0.42,0.24,0.4,0.42,0.24,0.4
100,0,100,79.63,18,53.7,16.4,0.4,0.03,0.58,0.31,0.46,0.58,0.31,0.46
101,0,101,79.62,18,54.15,19.93,0.49,0.03,0.68,0.43,0.42,0.68,0.43,0.42
102,0,102,79.78,18,56.03,24.73,0.6,0.03,0.87,0.56,0.41,0.87,0.56,0.41
103,0,103,80.31,18,68.13,9.31,0.23,0.03,0.97,0.32,0.75,0.97,0.32,0.75
104,0,104,81.37,18,93.24,73.98,1.8,0.03,1.86,0.63,0.76,1.86,0.63,0.76
105,0,105,82.03,18,92.65,81.91,2.0,0.03,2.17,0.82,0.54,2.17,0.82,0.54
106,0,106,82.38,18,83.31,61.8,1.51,0.03,1.83,0.73,0.59,1.83,0.73,0.59
107,0,107,82.87,18,90.09,53.29,1.3,0.03,1.72,0.59,0.76,1.72,0.59,0.76
108,0,108,83.92,18,101.38,53.41,1.3,0.03,1.83,0.71,0.62,1.83,0.71,0.62
109,0,109,86.16,18,84.23,49.69,1.21,0.03,1.45,0.56,0.68,1.45,0.56,0.68
110,0,110,87.99,18,86.27,45.85,1.12,0.03,1.35,0.5,0.71,1.35,0.5,0.71
111,0,111,90.23,18,80.46,47.16,1.15,0.03,1.14,0.47,0.64,1.14,0.47,0.64
112,0,112,93.18,18,83.12,53.31,1.3,0.03,1.27,0.52,0.65,1.27,0.52,0.65
113,0,113,96.2,18,86.09,54.17,1.32,0.03,1.27,0.5,0.67,1.27,0.5,0.67
114,0,114,98.91,18,77.58,50.42,1.23,0.03,1.38,0.63,0.57,1.38,0.63,0.57
115,0,115,101.23,18,142.53,113.14,2.76,0.03,2.52,0.61,1.08,2.52,0.61,1.08
116,0,116,102.74,18,56.53,-37.31,-0.91,0.03,-0.37,0.1,0.59,-0.37,0.1,0.59
117,0,117,104.4,18,57.2,-31.16,-0.76,0.03,-0.95,0.47,0.54,-0.95,0.47,0.54
118,0,118,106.67,18,39.81,-15.4,-0.38,0.03,-0.55,0.39,0.37,-0.55,0.39,0.37
119,0,119,107.81,18,39.83,-7.77,-0.19,0.03,-0.29,0.14,0.38,-0.29,0.14,0.38
120,0,120,108.91,18,49.97,-9.46,-0.23,0.03,-0.36,0.13,0.48,-0.36,0.13,0.48
121,0,121,110.0,18,94.16,-52.69,-1.28,0.03,-1.47,0.41,0.93,-1.47,0.41,0.93
122,0,122,110.92,18,72.29,-16.91,-0.41,0.03,-1.12,0.45,0.66,-1.12,0.45,0.66
123,0,123,111.7,18,58.3,-0.65,-0.02,0.03,-0.33,0.07,0.65,-0.33,0.07,0.65
124,0,124,112.2,18,97.74,-8.53,-0.21,0.03,-0.88,0.17,1.03,-0.88,0.17,1.03
125,0,125,112.69,18,117.23,-39.03,-0.95,0.03,-1.9,0.49,1.03,-1.9,0.49,1.03
126,0,126,113.13,18,110.65,-30.12,-0.73,0.03,-1.67,0.43,1.01,-1.67,0.43,1.01
127,0,127,113.4,18,94.13,-6.35,-0.15,0.03,-0.92,0.21,0.94,-0.92,0.21,0.94
128,0,128,113.26,18,72.86,4.16,0.1,0.03,-0.67,0.18,0.75,-0.67,0.18,0.75
129,0,129,112.49,18,61.38,4.57,0.11,0.03,-0.51,0.15,0.66,-0.51,0.15,0.66
130,0,130,111.88,18,68.98,8.65,0.21,0.03,-0.39,0.06,0.78,-0.39,0.06,0.78
131,0,131,111.63,18,45.14,31.48,0.77,0.03,0.17,0.02,0.57,0.17,0.02,0.57
132,0,132,111.15,18,42.72,12.36,0.3,0.03,0.13,0.02,0.48,0.13,0.02,0.48
133,0,133,109.87,18,31.53,5.73,0.14,0.03,-0.05,0.01,0.34,-0.05,0.01,0.34
134,0,134,107.09,18,51.73,14.45,0.35,0.03,-0.01,0.0,0.49,-0.01,0.0,0.49
135,0,135,105.36,18,58.29,27.25,0.66,0.03,0.72,0.28,0.6,0.72,0.28,0.6
136,0,136,102.82,18,57.97,17.41,0.42,0.03,0.51,0.22,0.51,0.51,0.22,0.51
137,0,137,99.26,18,33.26,17.56,0.43,0.03,0.03,0.0,0.43,0.03,0.0,0.43
138,0,138,96.06,18,35.31,18.17,0.44,0.03,-0.12,0.01,0.52,-0.12,0.01,0.52
139,0,139,93.92,18,35.48,15.08,0.37,0.03,-0.13,0.02,0.46,-0.13,0.02,0.46
140,0,140,92.34,18,43.6,10.79,0.26,0.03,-0.15,0.03,0.47,-0.15,0.03,0.47
141,0,141,90.56,18,40.75,11.39,0.28,0.03,-0.05,0.0,0.47,-0.05,0.0,0.47
142,0,142,89.08,18,50.66,1.46,0.04,0.03,-0.11,0.01,0.58,-0.11,0.01,0.58
143,0,143,87.31,18,50.5,-2.07,-0.05,0.03,-0.16,0.02,0.59,-0.16,0.02,0.59
144,0,144,86.16,18,50.64,14.35,0.35,0.03,-0.01,0.0,0.5,-0.01,0.0,0.5
145,0,145,85.53,18,54.6,30.33,0.74,0.03,0.06,0.0,0.64,0.06,0.0,0.64
146,0,146,84.91,18,46.93,26.17,0.64,0.03,0.45,0.28,0.38,0.45,0.28,0.38
147,0,147,84.18,18,39.66,23.37,0.57,0.03,0.66,0.59,0.29,0.66,0.59,0.29
148,0,148,83.66,18,46.53,26.22,0.64,0.03,0.84,0.59,0.37,0.84,0.59,0.37
149,0,149,83.58,18,44.8,23.04,0.56,0.03,0.78,0.59,0.35,0.78,0.59,0.35
150,0,150,82.93,18,29.48,10.44,0.25,0.03,0.48,0.32,0.37,0.48,0.32,0.37
151,0,151,82.28,18,22.49,3.41,0.08,0.03,0.15,0.08,0.27,0.15,0.08,0.27
152,0,152,81.65,18,23.07,4.47,0.11,0.03,0.17,0.11,0.26,0.17,0.11,0.26
153,0,153,81.01,18,25.87,12.33,0.3,0.03,0.07,0.01,0.31,0.07,0.01,0.31
154,0,154,79.94,18,30.61,10.92,0.27,0.03,-0.1,0.02,0.38,-0.1,0.02,0.38
155,0,155,78.77,18,37.08,3.02,0.07,0.03,0.01,0.0,0.41,0.01,0.0,0.41
156,0,156,79.34,18,54.23,16.81,0.41,0.03,0.45,0.23,0.44,0.45,0.23,0.44
157,0,157,80.71,18,53.47,22.06,0.54,0.03,0.28,0.06,0.58,0.28,0.06,0.58
158,0,158,82.2,18,54.25,28.56,0.7,0.03,0.28,0.06,0.59,0.28,0.06,0.59
159,0,159,83.92,18,68.85,38.14,0.93,0.03,0.41,0.09,0.69,0.41,0.09,0.69
160,0,160,84.84,18,68.59,36.66,0.89,0.03,0.43,0.13,0.58,0.43,0.13,0.58
161,0,161,85.59,18,67.77,33.07,0.81,0.03,0.16,0.01,0.75,0.16,0.01,0.75
162,0,162,86.42,18,56.94,23.54,0.57,0.03,-0.11,0.01,0.64,-0.11,0.01,0.64
163,0,163,87.11,18,64.99,11.18,0.27,0.03,-0.27,0.03,0.77,-0.27,0.03,0.77
164,0,164,87.23,18,70.2,12.23,0.3,0.03,0.08,0.0,0.63,0.08,0.0,0.63
165,0,165,87.18,18,62.1,18.54,0.45,0.03,-0.04,0.0,0.59,-0.04,0.0,0.59
166,0,166,87.54,18,63.74,25.63,0.62,0.03,-0.03,0.0,0.69,-0.03,0.0,0.69
167,0,167,87.3,18,72.87,33.31,0.81,0.03,-0.03,0.0,0.79,-0.03,0.0,0.79
168,0,168,87.14,18,34.29,2.86,0.07,0.03,-0.19,0.07,0.38,-0.19,0.07,0.38
169,0,169,87.43,18,53.9,-14.27,-0.35,0.03,-0.92,0.54,0.46,-0.92,0.54,0.46
170,0,170,87.1,18,56.77,-18.68,-0.46,0.03,-1.17,0.61,0.5,-1.17,0.61,0.5
171,0,171,86.92,18,61.38,-18.82,-0.46,0.03,-1.2,0.6,0.52,-1.2,0.6,0.52
172,0,172,86.67,18,65.78,-13.47,-0.33,0.03,-1.15,0.54,0.57,-1.15,0.54,0.57
173,0,173,86.15,18,54.09,-18.02,-0.44,0.03,-0.79,0.55,0.38,-0.79,0.55,0.38
174,0,174,85.62,18,49.17,-23.19,-0.57,0.03,-0.74,0.43,0.46,-0.74,0.43,0.46
175,0,175,85.99,18,52.41,-26.34,-0.64,0.03,-0.62,0.35,0.45,-0.62,0.35,0.45
176,0,176,85.94,18,45.12,-20.3,-0.49,0.03,-0.74,0.54,0.36,-0.74,0.54,0.36
177,0,177,85.66,18,54.66,-14.14,-0.34,0.03,0.01,0.0,0.56,0.01,0.0,0.56
178,0,178,85.41,18,52.82,-17.2,-0.42,0.03,-0.06,0.0,0.5,-0.06,0.0,0.5
179,0,179,86.18,18,55.64,-23.73,-0.58,0.03,-0.18,0.03,0.6,-0.18,0.03,0.6
180,0,180,87.08,18,64.88,-10.77,-0.26,0.03,0.15,0.01,0.82,0.15,0.01,0.82
181,0,181,85.94,18,44.27,-17.83,-0.43,0.03,-0.47,0.38,0.32,-0.47,0.38,0.32
182,0,182,83.88,18,48.21,-18.51,-0.45,0.03,-0.36,0.12,0.53,-0.36,0.12,0.53
183,0,183,82.18,18,49.1,-7.65,-0.19,0.03,0.08,0.0,0.59,0.08,0.0,0.59
184,0,184,80.65,18,52.53,-1.13,-0.03,0.03,0.27,0.04,0.65,0.27,0.04,0.65
185,0,185,79.75,18,50.26,9.31,0.23,0.03,0.41,0.13,0.56,0.41,0.13,0.56
186,0,186,79.33,18,42.74,-2.96,-0.07,0.03,-0.13,0.02,0.48,-0.13,0.02,0.48
187,0,187,78.91,18,41.96,-10.38,-0.25,0.03,-0.3,0.11,0.47,-0.3,0.11,0.47
188,0,188,78.32,18,44.92,-18.7,-0.46,0.03,-0.2,0.04,0.5,-0.2,0.04,0.5
189,0,189,77.58,18,54.94,-17.64,-0.43,0.03,-0.31,0.08,0.58,-0.31,0.08,0.58
190,0,190,76.5,18,43.38,-13.29,-0.32,0.03,-0.39,0.27,0.34,-0.39,0.27,0.34
191,0,191,75.58,18,32.73,-7.38,-0.18,0.03,-0.08,0.02,0.32,-0.08,0.02,0.32
192,0,192,75.57,18,34.52,-2.58,-0.06,0.03,0.04,0.0,0.4,0.04,0.0,0.4
193,0,193,75.67,18,34.67,-2.83,-0.07,0.03,-0.19,0.11,0.29,-0.19,0.11,0.29
194,0,194,75.54,18,29.33,15.02,0.37,0.03,0.01,0.0,0.34,0.01,0.0,0.34
195,0,195,75.49,18,40.57,-15.78,-0.38,0.03,-0.36,0.18,0.41,-0.36,0.18,0.41
196,0,196,75.31,18,50.46,-33.17,-0.81,0.03,-0.76,0.43,0.46,-0.76,0.43,0.46
197,0,197,75.59,18,41.2,-17.7,-0.43,0.03,-0.41,0.2,0.44,-0.41,0.2,0.44
198,0,198,76.15,18,39.93,-2.25,-0.05,0.03,0.01,0.0,0.44,0.01,0.0,0.44
199,0,199,76.5,18,49.98,6.43,0.16,0.03,0.24,0.08,0.45,0.24,0.08,0.45
200,0,200,76.56,18,45.41,8.65,0.21,0.03,0.23,0.07,0.44,0.23,0.07,0.44
201,0,201,77.05,18,43.7,10.34,0.25,0.03,0.12,0.02,0.51,0.12,0.02,0.51
202,0,202,77.8,18,52.13,0.44,0.01,0.03,0.02,0.0,0.56,0.02,0.0,0.56
203,0,203,78.43,18,44.87,-1.13,-0.03,0.03,0.09,0.01,0.5,0.09,0.01,0.5
204,0,204,78.4,18,42.14,5.93,0.14,0.03,0.26,0.08,0.47,0.26,0.08,0.47
205,0,205,78.49,18,48.72,14.7,0.36,0.03,0.38,0.14,0.5,0.38,0.14,0.5
206,0,206,79.87,18,47.02,6.9,0.17,0.03,0.19,0.05,0.46,0.19,0.05,0.46
207,0,207,82.58,18,42.41,9.95,0.24,0.03,0.19,0.05,0.45,0.19,0.05,0.45
208,0,208,85.3,18,55.44,-0.46,-0.01,0.03,0.13,0.01,0.59,0.13,0.01,0.59
209,0,209,87.93,18,42.2,-17.77,-0.43,0.03,-0.15,0.03,0.48,-0.15,0.03,0.48
210,0,210,90.47,18,32.09,-8.28,-0.2,0.03,0.03,0.0,0.44,0.03,0.0,0.44
211,0,211,92.82,18,47.9,-11.25,-0.27,0.03,0.07,0.0,0.52,0.07,0.0,0.52
212,0,212,95.23,18,56.07,-14.2,-0.35,0.03,0.21,0.04,0.56,0.21,0.04,0.56
213,0,213,97.3,18,52.13,-26.75,-0.65,0.03,-0.15,0.02,0.55,-0.15,0.02,0.55
214,0,214,99.32,18,49.79,-28.16,-0.69,0.03,-0.46,0.16,0.55,-0.46,0.16,0.55
215,0,215,101.25,18,57.98,-35.07,-0.86,0.03,-0.57,0.18,0.64,-0.57,0.18,0.64
216,0,216,102.81,18,34.6,-22.43,-0.55,0.03,-0.31,0.14,0.4,-0.31,0.14,0.4
217,0,217,103.94,18,36.37,-23.86,-0.58,0.03,-0.41,0.24,0.38,-0.41,0.24,0.38
218,0,218,104.9,18,35.65,-15.53,-0.38,0.03,-0.32,0.18,0.36,-0.32,0.18,0.36
219,0,219,105.54,18,46.9,-27.94,-0.68,0.03,-0.72,0.46,0.41,-0.72,0.46,0.41
220,0,220,106.36,18,61.13,-26.1,-0.64,0.03,-0.56,0.16,0.68,-0.56,0.16,0.68
221,0,221,108.06,18,88.78,-81.26,-1.98,0.03,-1.17,0.33,0.89,-1.17,0.33,0.89
222,0,222,108.75,18,223.64,-211.26,-5.15,0.03,-3.9,0.54,1.92,-3.9,0.54,1.92
223,0,223,108.93,18,123.09,-110.43,-2.69,0.03,-2.17,0.73,0.71,-2.17,0.73,0.71
224,0,224,109.13,18,88.8,-82.32,-2.01,0.03,-1.86,0.71,0.62,-1.86,0.71,0.62
225,0,225,109.28,18,75.93,-69.51,-1.69,0.03,-1.7,0.64,0.68,-1.7,0.64,0.68
226,0,226,109.38,18,69.95,-57.01,-1.39,0.03,-1.47,0.49,0.79,-1.47,0.49,0.79
227,0,227,109.44,18,62.73,-45.44,-1.11,0.03,-1.32,0.56,0.62,-1.32,0.56,0.62
228,0,228,109.58,18,65.86,-32.19,-0.78,0.03,-1.22,0.67,0.45,-1.22,0.67,0.45
229,0,229,109.83,18,47.35,-22.42,-0.55,0.03,-1.01,0.61,0.42,-1.01,0.61,0.42
230,0,230,109.9,18,42.62,-23.9,-0.58,0.03,-0.67,0.56,0.32,-0.67,0.56,0.32
231,0,231,108.68,18,41.56,-19.61,-0.48,0.03,-0.65,0.68,0.23,-0.65,0.68,0.23
232,0,232,105.83,18,39.32,-18.89,-0.46,0.03,-0.66,0.65,0.26,-0.66,0.65,0.26
233,0,233,102.76,18,55.5,-41.24,-1.01,0.03,-1.05,0.78,0.29,-1.05,0.78,0.29
234,0,234,99.98,18,82.27,-69.01,-1.68,0.03,-1.51,0.76,0.44,-1.51,0.76,0.44
235,0,235,97.56,18,87.6,-45.23,-1.1,0.03,-1.69,0.67,0.63,-1.69,0.67,0.63
236,0,236,95.37,18,78.72,-37.16,-0.91,0.03,-1.49,0.78,0.41,-1.49,0.78,0.41
237,0,237,93.22,18,73.4,-38.81,-0.95,0.03,-1.25,0.72,0.42,-1.25,0.72,0.42
238,0,238,91.59,18,67.94,-40.43,-0.99,0.03,-1.11,0.59,0.5,-1.11,0.59,0.5
239,0,239,90.28,18,61.76,-33.59,-0.82,0.03,-1.0,0.52,0.51,-1.0,0.52,0.51
240,0,240,89.5,18,51.74,-29.39,-0.72,0.03,-0.81,0.5,0.43,-0.81,0.5,0.43
265,0,265,89.46,18,63.18,-27.23,-0.66,0.03,-0.85,0.31,0.68,-0.85,0.31,0.68
266,0,266,89.47,18,72.33,-32.65,-0.8,0.03,-1.03,0.32,0.79,-1.03,0.32,0.79
267,0,267,89.39,18,66.54,-39.21,-0.96,0.03,-0.91,0.34,0.66,-0.91,0.34,0.66
268,0,268,89.19,18,69.95,-27.37,-0.67,0.03,-0.76,0.27,0.66,-0.76,0.27,0.66
269,0,269,89.0,18,74.7,-15.05,-0.37,0.03,-0.78,0.26,0.7,-0.78,0.26,0.7
270,0,270,88.85,18,66.69,-23.5,-0.57,0.03,-0.76,0.26,0.67,-0.76,0.26,0.67
271,0,271,88.82,18,73.15,-19.71,-0.48,0.03,-0.92,0.32,0.7,-0.92,0.32,0.7
272,0,272,88.83,18,73.91,-6.64,-0.16,0.03,-0.85,0.25,0.78,-0.85,0.25,0.78
273,0,273,88.94,18,68.48,-15.15,-0.37,0.03,-0.77,0.24,0.73,-0.77,0.24,0.73
274,0,274,89.13,18,66.97,-32.0,-0.78,0.03,-0.7,0.26,0.63,-0.7,0.26,0.63
275,0,275,89.37,18,65.12,-42.09,-1.03,0.03,-0.96,0.33,0.73,-0.96,0.33,0.73
276,0,276,90.06,18,63.58,-18.52,-0.45,0.03,-0.81,0.24,0.76,-0.81,0.24,0.76
277,0,277,91.0,18,65.54,-19.48,-0.48,0.03,-0.58,0.15,0.73,-0.58,0.15,0.73
278,0,278,92.14,18,68.57,-17.64,-0.43,0.03,-0.55,0.14,0.72,-0.55,0.14,0.72
279,0,279,92.8,18,62.97,-11.77,-0.29,0.03,-0.56,0.14,0.73,-0.56,0.14,0.73
280,0,280,93.51,18,64.2,-12.04,-0.29,0.03,-0.69,0.2,0.73,-0.69,0.2,0.73
281,0,281,96.03,18,62.67,-14.41,-0.35,0.03,-0.68,0.22,0.68,-0.68,0.22,0.68
282,0,282,98.84,18,63.8,-18.88,-0.46,0.03,-0.72,0.21,0.73,-0.72,0.21,0.73
283,0,283,100.71,18,61.46,-31.91,-0.78,0.03,-0.81,0.24,0.76,-0.81,0.24,0.76
284,0,284,102.35,18,57.51,-38.67,-0.94,0.03,-0.76,0.22,0.75,-0.76,0.22,0.75
285,0,285,103.39,18,56.05,-21.2,-0.52,0.03,-0.63,0.17,0.75,-0.63,0.17,0.75
286,0,286,104.31,18,69.65,-26.72,-0.65,0.03,-0.87,0.3,0.71,-0.87,0.3,0.71
287,0,287,106.11,18,64.3,-27.61,-0.67,0.03,-0.87,0.35,0.63,-0.87,0.35,0.63
288,0,288,108.14,18,74.96,-25.35,-0.62,0.03,-1.07,0.33,0.81,-1.07,0.33,0.81
289,0,289,109.72,18,63.52,-34.07,-0.83,0.03,-1.01,0.29,0.85,-1.01,0.29,0.85
290,0,290,110.73,18,57.13,-30.54,-0.74,0.03,-0.73,0.26,0.66,-0.73,0.26,0.66
291,0,291,111.74,18,56.2,-14.3,-0.35,0.03,-0.56,0.18,0.64,-0.56,0.18,0.64
292,0,292,112.3,18,54.37,-9.77,-0.24,0.03,-0.53,0.17,0.62,-0.53,0.17,0.62
293,0,293,112.62,18,58.82,-17.13,-0.42,0.03,-0.54,0.14,0.72,-0.54,0.14,0.72
294,0,294,112.97,18,71.63,-32.68,-0.8,0.03,-0.82,0.21,0.83,-0.82,0.21,0.83
295,0,295,113.29,18,105.45,-0.4,-0.01,0.03,-0.22,0.01,1.21,-0.22,0.01,1.21
296,0,296,113.41,18,71.63,-26.96,-0.66,0.03,-0.4,0.09,0.68,-0.4,0.09,0.68
297,0,297,113.43,18,52.22,-39.58,-0.97,0.03,-0.78,0.4,0.51,-0.78,0.4,0.51
298,0,298,113.48,18,47.37,-34.36,-0.84,0.03,-0.69,0.47,0.38,-0.69,0.47,0.38
299,0,299,113.49,18,50.0,-34.8,-0.85,0.03,-0.79,0.42,0.49,-0.79,0.42,0.49
300,0,300,113.59,18,65.54,-49.12,-1.2,0.03,-1.21,0.64,0.47,-1.21,0.64,0.47
301,0,301,113.12,18,51.68,-31.58,-0.77,0.03,-0.83,0.43,0.51,-0.83,0.43,0.51
302,0,302,112.49,18,60.1,-44.11,-1.08,0.03,-0.98,0.56,0.46,-0.98,0.56,0.46
303,0,303,111.75,18,68.2,-52.74,-1.29,0.03,-1.3,0.69,0.46,-1.3,0.69,0.46
304,0,304,111.57,18,72.25,-54.21,-1.32,0.03,-1.48,0.77,0.43,-1.48,0.77,0.43
305,0,305,111.14,18,84.82,-68.64,-1.67,0.03,-1.71,0.72,0.56,-1.71,0.72,0.56
306,0,306,108.81,18,63.0,-50.59,-1.23,0.03,-1.25,0.52,0.63,-1.25,0.52,0.63
307,0,307,106.39,18,53.44,-28.36,-0.69,0.03,-0.79,0.38,0.54,-0.79,0.38,0.54
308,0,308,105.19,18,64.44,-45.34,-1.11,0.03,-0.95,0.42,0.59,-0.95,0.42,0.59
309,0,309,104.18,18,35.2,-16.94,-0.41,0.03,-0.52,0.27,0.45,-0.52,0.27,0.45
310,0,310,104.47,18,58.12,-29.84,-0.73,0.03,-0.52,0.2,0.55,-0.52,0.2,0.55
311,0,311,105.09,18,71.09,-33.71,-0.82,0.03,-0.56,0.17,0.66,-0.56,0.17,0.66
312,0,312,104.8,18,64.87,-32.28,-0.79,0.03,-0.53,0.17,0.62,-0.53,0.17,0.62
337,0,337,107.68,18,49.77,-28.44,-0.69,0.03,-0.64,0.38,0.43,-0.64,0.38,0.43
338,0,338,106.67,18,50.52,-33.69,-0.82,0.03,-0.75,0.49,0.41,-0.75,0.49,0.41
339,0,339,105.66,18,44.69,-29.17,-0.71,0.03,-0.56,0.28,0.48,-0.56,0.28,0.48
340,0,340,105.25,18,43.91,-23.58,-0.57,0.03,-0.3,0.08,0.54,-0.3,0.08,0.54
341,0,341,104.85,18,49.34,-18.58,-0.45,0.03,-0.17,0.03,0.56,-0.17,0.03,0.56
342,0,342,104.12,18,55.75,-22.58,-0.55,0.03,-0.14,0.01,0.64,-0.14,0.01,0.64
343,0,343,103.48,18,51.97,-36.77,-0.9,0.03,-0.55,0.25,0.5,-0.55,0.25,0.5
344,0,344,102.48,18,55.09,-19.18,-0.47,0.03,-0.32,0.08,0.58,-0.32,0.08,0.58
345,0,345,101.4,18,48.58,-20.08,-0.49,0.03,-0.13,0.02,0.55,-0.13,0.02,0.55
346,0,346,99.29,18,54.62,-25.98,-0.63,0.03,-0.26,0.06,0.52,-0.26,0.06,0.52
347,0,347,97.71,18,59.6,-28.96,-0.71,0.03,-0.37,0.08,0.65,-0.37,0.08,0.65
348,0,348,97.17,18,83.65,-55.13,-1.34,0.03,-0.81,0.33,0.62,-0.81,0.33,0.62
349,0,349,97.52,18,63.93,-43.14,-1.05,0.03,-1.11,0.45,0.65,-1.11,0.45,0.65
350,0,350,96.67,18,60.3,-38.65,-0.94,0.03,-1.05,0.65,0.41,-1.05,0.65,0.41
351,0,351,96.24,18,52.21,-37.65,-0.92,0.03,-0.88,0.45,0.51,-0.88,0.45,0.51
352,0,352,95.91,18,47.79,-32.63,-0.8,0.03,-0.63,0.31,0.5,-0.63,0.31,0.5
353,0,353,96.59,18,49.6,-35.37,-0.86,0.03,-0.58,0.26,0.51,-0.58,0.26,0.51
354,0,354,97.4,18,47.03,-32.84,-0.8,0.03,-0.57,0.26,0.51,-0.57,0.26,0.51
355,0,355,97.8,18,53.18,-26.65,-0.65,0.03,-0.32,0.07,0.6,-0.32,0.07,0.6
356,0,356,97.95,18,66.33,-0.91,-0.02,0.03,0.41,0.11,0.62,0.41,0.11,0.62
357,0,357,98.41,18,72.8,11.52,0.28,0.03,0.76,0.31,0.6,0.76,0.31,0.6
358,0,358,98.98,18,73.05,22.21,0.54,0.03,0.95,0.43,0.58,0.95,0.43,0.58
359,0,359,98.6,18,63.83,-4.3,-0.1,0.03,0.13,0.01,0.64,0.13,0.01,0.64
360,0,360,97.36,18,52.37,-0.43,-0.01,0.03,0.28,0.07,0.56,0.28,0.07,0.56
385,0,385,100.3,18,51.76,-39.06,-0.95,0.03,-0.69,0.36,0.49,-0.69,0.36,0.49
386,0,386,100.23,18,53.35,-32.26,-0.79,0.03,-0.29,0.05,0.69,-0.29,0.05,0.69
387,0,387,100.17,18,51.56,-30.23,-0.74,0.03,-0.81,0.47,0.46,-0.81,0.47,0.46
388,0,388,101.37,18,54.46,-36.88,-0.9,0.03,-0.85,0.53,0.42,-0.85,0.53,0.42
389,0,389,101.99,18,47.5,-28.27,-0.69,0.03,-0.65,0.4,0.42,-0.65,0.4,0.42
390,0,390,101.75,18,49.22,-35.3,-0.86,0.03,-0.64,0.32,0.5,-0.64,0.32,0.5
391,0,391,101.33,18,52.92,-41.91,-1.02,0.03,-0.6,0.23,0.57,-0.6,0.23,0.57
392,0,392,101.15,18,52.76,-43.18,-1.05,0.03,-0.59,0.28,0.51,-0.59,0.28,0.51
393,0,393,100.94,18,48.97,-36.75,-0.9,0.03,-0.65,0.35,0.47,-0.65,0.35,0.47
394,0,394,100.63,18,48.85,-34.29,-0.84,0.03,-0.69,0.39,0.46,-0.69,0.39,0.46
395,0,395,100.34,18,47.0,-16.35,-0.4,0.03,-0.53,0.26,0.47,-0.53,0.26,0.47
396,0,396,100.23,18,45.75,-11.72,-0.29,0.03,-0.43,0.18,0.49,-0.43,0.18,0.49
397,0,397,99.15,18,48.02,-9.32,-0.23,0.03,-0.39,0.13,0.53,-0.39,0.13,0.53
398,0,398,97.25,18,44.34,-5.7,-0.14,0.03,-0.27,0.07,0.53,-0.27,0.07,0.53
399,0,399,95.71,18,55.96,-4.78,-0.12,0.03,0.04,0.0,0.53,0.04,0.0,0.53
400,0,400,94.83,18,66.12,-16.78,-0.41,0.03,0.09,0.0,0.68,0.09,0.0,0.68
401,0,401,95.86,18,68.37,-34.86,-0.85,0.03,-0.09,0.0,0.76,-0.09,0.0,0.76
402,0,402,96.68,18,59.86,-41.22,-1.0,0.03,-0.32,0.06,0.66,-0.32,0.06,0.66
403,0,403,96.49,18,67.02,-33.41,-0.81,0.03,-0.3,0.05,0.69,-0.3,0.05,0.69
404,0,404,96.92,18,72.2,-22.64,-0.55,0.03,0.0,0.0,0.67,0.0,0.0,0.67
405,0,405,97.51,18,64.79,-29.73,-0.72,0.03,0.01,0.0,0.63,0.01,0.0,0.63
406,0,406,98.19,18,51.51,-29.44,-0.72,0.03,-0.19,0.03,0.57,-0.19,0.03,0.57
407,0,407,98.87,18,52.35,-13.73,-0.33,0.03,-0.22,0.05,0.52,-0.22,0.05,0.52
408,0,408,99.74,18,52.63,-18.78,-0.46,0.03,-0.15,0.02,0.55,-0.15,0.02,0.55
409,0,409,100.39,18,57.93,-31.28,-0.76,0.03,-0.26,0.04,0.66,-0.26,0.04,0.66
410,0,410,101.04,18,54.44,-28.29,-0.69,0.03,-0.3,0.07,0.56,-0.3,0.07,0.56
411,0,411,101.78,18,51.83,-35.94,-0.88,0.03,-0.36,0.11,0.55,-0.36,0.11,0.55
412,0,412,102.31,18,49.81,-42.7,-1.04,0.03,-0.37,0.08,0.67,-0.37,0.08,0.67
413,0,413,101.33,18,45.33,-40.79,-0.99,0.03,-0.47,0.15,0.58,-0.47,0.15,0.58
414,0,414,101.21,18,40.5,-5.71,-0.14,0.03,0.05,0.0,0.46,0.05,0.0,0.46
415,0,415,104.12,18,48.36,-36.97,-0.9,0.03,-0.43,0.14,0.56,-0.43,0.14,0.56
416,0,416,106.72,18,44.7,-23.3,-0.57,0.03,-0.18,0.03,0.54,-0.18,0.03,0.54
417,0,417,108.93,18,47.64,-26.94,-0.66,0.03,-0.26,0.06,0.54,-0.26,0.06,0.54
418,0,418,110.9,18,47.63,-33.28,-0.81,0.03,-0.44,0.17,0.52,-0.44,0.17,0.52
419,0,419,111.2,18,44.45,-22.83,-0.56,0.03,-0.38,0.18,0.43,-0.38,0.18,0.43
420,0,420,111.77,18,47.72,-21.17,-0.52,0.03,-0.33,0.14,0.44,-0.33,0.14,0.44
421,0,421,112.4,18,49.04,-24.15,-0.59,0.03,-0.43,0.17,0.5,-0.43,0.17,0.5
422,0,422,113.59,18,54.2,-38.62,-0.94,0.03,-0.86,0.31,0.68,-0.86,0.31,0.68
423,0,423,115.62,18,68.57,-12.03,-0.29,0.03,-0.18,0.02,0.76,-0.18,0.02,0.76
424,0,424,116.66,18,67.71,-3.17,-0.08,0.03,0.12,0.01,0.6,0.12,0.01,0.6
425,0,425,116.96,18,54.67,-26.07,-0.64,0.03,-0.36,0.09,0.6,-0.36,0.09,0.6
426,0,426,117.45,18,51.79,-27.07,-0.66,0.03,-0.33,0.09,0.57,-0.33,0.09,0.57
427,0,427,118.48,18,47.87,-14.76,-0.36,0.03,-0.36,0.11,0.55,-0.36,0.11,0.55
428,0,428,119.78,18,149.12,101.31,2.47,0.03,1.68,0.24,1.57,1.68,0.24,1.57
429,0,429,119.54,18,52.72,-6.5,-0.16,0.03,0.04,0.0,0.55,0.04,0.0,0.55
430,0,430,118.97,18,46.45,-2.12,-0.05,0.03,-0.24,0.05,0.57,-0.24,0.05,0.57
431,0,431,119.02,18,46.13,-40.4,-0.98,0.03,-0.59,0.27,0.51,-0.59,0.27,0.51
432,0,432,120.08,18,57.92,-53.52,-1.3,0.03,-0.74,0.29,0.62,-0.74,0.29,0.62
457,0,457,88.79,18,42.99,19.11,0.47,0.03,0.36,0.15,0.46,0.36,0.15,0.46
458,0,458,88.93,18,45.31,31.2,0.76,0.03,0.62,0.36,0.44,0.62,0.36,0.44
459,0,459,89.55,18,71.13,34.52,0.84,0.03,1.12,0.58,0.51,1.12,0.58,0.51
460,0,460,91.35,18,60.63,8.32,0.2,0.03,0.34,0.09,0.56,0.34,0.09,0.56
461,0,461,93.18,18,57.18,-14.24,-0.35,0.03,-0.22,0.03,0.66,-0.22,0.03,0.66
462,0,462,95.26,18,57.32,-20.87,-0.51,0.03,-0.39,0.06,0.81,-0.39,0.06,0.81
463,0,463,97.17,18,54.37,-33.06,-0.81,0.03,-0.41,0.08,0.76,-0.41,0.08,0.76
464,0,464,99.56,18,62.52,-7.27,-0.18,0.03,0.02,0.0,0.71,0.02,0.0,0.71
465,0,465,101.61,18,48.28,11.85,0.29,0.03,0.28,0.09,0.48,0.28,0.09,0.48
466,0,466,103.7,18,35.77,12.59,0.31,0.03,0.13,0.03,0.37,0.13,0.03,0.37
467,0,467,106.17,18,38.26,10.73,0.26,0.03,-0.18,0.03,0.58,-0.18,0.03,0.58
468,0,468,107.81,18,52.51,34.26,0.84,0.03,0.52,0.23,0.51,0.52,0.23,0.51
469,0,469,109.36,18,47.12,13.24,0.32,0.03,0.37,0.19,0.4,0.37,0.19,0.4
470,0,470,110.95,18,86.56,79.8,1.95,0.03,1.64,0.62,0.67,1.64,0.62,0.67
471,0,471,113.3,18,142.07,138.55,3.38,0.03,3.54,0.69,1.27,3.54,0.69,1.27
472,0,472,116.04,18,256.38,251.5,6.13,0.03,6.72,0.67,2.5,6.72,0.67,2.5
473,0,473,118.77,18,326.44,326.44,7.96,0.03,9.14,0.69,3.23,9.14,0.69,3.23
474,0,474,121.01,18,644.68,644.68,15.72,0.03,18.0,0.76,5.4,18.0,0.76,5.4
475,0,475,122.98,18,1276.91,1254.33,30.58,0.03,38.42,0.66,14.6,38.42,0.66,14.6
476,0,476,124.8,18,1515.47,1474.72,35.95,0.03,45.0,0.65,17.39,45.0,0.65,17.39
477,0,477,126.84,18,1659.95,1629.3,39.72,0.03,34.4,0.63,14.02,34.4,0.63,14.02
478,0,478,128.49,18,1821.71,1785.88,43.54,0.03,36.37,0.61,15.45,36.37,0.61,15.45
479,0,479,129.54,18,1989.23,1946.53,47.46,0.03,38.19,0.58,17.15,38.19,0.58,17.15
480,0,480,130.77,18,722.55,633.6,15.45,0.03,19.77,0.62,8.14,19.77,0.62,8.14
577,0,577,105.44,18,116.43,-27.55,-0.67,0.03,-2.13,0.56,1.01,-2.13,0.56,1.01
578,0,578,103.55,18,121.54,-26.32,-0.64,0.03,-1.37,0.31,1.08,-1.37,0.31,1.08
579,0,579,102.39,18,105.65,-66.84,-1.63,0.03,-2.36,0.77,0.68,-2.36,0.77,0.68
580,0,580,101.26,18,59.93,-8.12,-0.2,0.03,-1.06,0.46,0.61,-1.06,0.46,0.61
581,0,581,100.17,18,67.3,-39.96,-0.97,0.03,-1.52,0.8,0.4,-1.52,0.8,0.4
582,0,582,98.41,18,83.69,-53.91,-1.31,0.03,-1.76,0.78,0.49,-1.76,0.78,0.49
583,0,583,95.76,18,65.33,-54.95,-1.34,0.03,-1.55,0.76,0.46,-1.55,0.76,0.46
584,0,584,93.33,18,74.54,-50.61,-1.23,0.03,-1.46,0.62,0.6,-1.46,0.62,0.6
585,0,585,91.85,18,64.17,-24.82,-0.61,0.03,-0.84,0.36,0.6,-0.84,0.36,0.6
586,0,586,89.8,18,55.19,-23.12,-0.56,0.03,-0.63,0.31,0.49,-0.63,0.31,0.49
587,0,587,87.14,18,56.76,-38.44,-0.94,0.03,-0.97,0.65,0.37,-0.97,0.65,0.37
588,0,588,83.9,18,58.18,-40.66,-0.99,0.03,-1.02,0.58,0.46,-1.02,0.58,0.46
589,0,589,80.79,18,67.43,-45.93,-1.12,0.03,-1.35,0.62,0.56,-1.35,0.62,0.56
590,0,590,77.91,18,63.55,-35.68,-0.87,0.03,-1.35,0.76,0.4,-1.35,0.76,0.4
591,0,591,75.49,18,56.27,-18.17,-0.44,0.03,-0.98,0.66,0.37,-0.98,0.66,0.37
592,0,592,73.32,18,45.67,-24.66,-0.6,0.03,-0.87,0.68,0.32,-0.87,0.68,0.32
593,0,593,72.44,18,49.46,-33.56,-0.82,0.03,-1.0,0.77,0.29,-1.0,0.77,0.29
594,0,594,71.99,18,48.12,-44.45,-1.08,0.03,-1.14,0.79,0.31,-1.14,0.79,0.31
595,0,595,71.72,18,56.9,-44.19,-1.08,0.03,-1.37,0.71,0.47,-1.37,0.71,0.47
596,0,596,71.53,18,69.03,-32.31,-0.79,0.03,-1.17,0.52,0.59,-1.17,0.52,0.59
597,0,597,71.17,18,49.2,-23.66,-0.58,0.03,-1.03,0.48,0.57,-1.03,0.48,0.57
598,0,598,71.38,18,54.8,-38.81,-0.95,0.03,-1.3,0.58,0.58,-1.3,0.58,0.58
599,0,599,71.93,18,47.87,-31.11,-0.76,0.03,-1.1,0.57,0.5,-1.1,0.57,0.5
600,0,600,72.32,18,46.27,-42.59,-1.04,0.03,-1.14,0.66,0.44,-1.14,0.66,0.44
649,0,649,99.27,18,62.15,-46.07,-1.12,0.03,-1.23,0.6,0.53,-1.23,0.6,0.53
650,0,650,99.68,18,63.84,-38.26,-0.93,0.03,-1.21,0.65,0.47,-1.21,0.65,0.47
651,0,651,100.52,18,66.95,-37.13,-0.91,0.03,-1.28,0.74,0.4,-1.28,0.74,0.4
652,0,652,101.5,18,76.75,-33.89,-0.83,0.03,-1.07,0.45,0.63,-1.07,0.45,0.63
653,0,653,101.29,18,42.75,-20.37,-0.5,0.03,-0.69,0.49,0.37,-0.69,0.49,0.37
654,0,654,100.92,18,36.0,-13.65,-0.33,0.03,-0.44,0.32,0.34,-0.44,0.32,0.34
655,0,655,100.34,18,50.29,-2.02,-0.05,0.03,-0.34,0.12,0.48,-0.34,0.12,0.48
656,0,656,100.63,18,65.98,-1.89,-0.05,0.03,-0.44,0.1,0.68,-0.44,0.1,0.68
657,0,657,101.95,18,55.86,-4.72,-0.12,0.03,-0.82,0.4,0.53,-0.82,0.4,0.53
658,0,658,103.45,18,26.06,-19.41,-0.47,0.03,-0.35,0.26,0.31,-0.35,0.26,0.31
659,0,659,103.53,18,51.44,-38.81,-0.95,0.03,-0.56,0.26,0.5,-0.56,0.26,0.5
660,0,660,103.56,18,43.84,-23.51,-0.57,0.03,-0.81,0.68,0.3,-0.81,0.68,0.3
661,0,661,103.54,18,54.49,-42.41,-1.03,0.03,-0.8,0.46,0.46,-0.8,0.46,0.46
662,0,662,103.46,18,38.14,-31.24,-0.76,0.03,-0.54,0.39,0.36,-0.54,0.39,0.36
663,0,663,104.6,18,39.04,-15.99,-0.39,0.03,-0.17,0.04,0.46,-0.17,0.04,0.46
664,0,664,106.65,18,57.51,-38.6,-0.94,0.03,-1.23,0.77,0.36,-1.23,0.77,0.36
665,0,665,109.58,18,52.07,-24.73,-0.6,0.03,-1.05,0.73,0.34,-1.05,0.73,0.34
666,0,666,111.93,18,63.66,-28.95,-0.71,0.03,-0.87,0.42,0.54,-0.87,0.42,0.54
667,0,667,114.09,18,52.68,-23.4,-0.57,0.03,-0.76,0.41,0.49,-0.76,0.41,0.49
668,0,668,117.2,18,42.92,-18.82,-0.46,0.03,-0.39,0.24,0.37,-0.39,0.24,0.37
669,0,669,118.22,18,60.74,-40.49,-0.99,0.03,-0.73,0.4,0.48,-0.73,0.4,0.48
670,0,670,120.84,18,71.66,-43.96,-1.07,0.03,-1.38,0.72,0.46,-1.38,0.72,0.46
671,0,671,121.72,18,67.79,-50.7,-1.24,0.03,-1.23,0.64,0.49,-1.23,0.64,0.49
672,0,672,121.63,18,71.39,-44.71,-1.09,0.03,-1.22,0.56,0.57,-1.22,0.56,0.57
697,0,697,97.77,18,53.65,-36.18,-0.88,0.03,-1.15,0.8,0.3,-1.15,0.8,0.3
698,0,698,97.17,18,39.07,-24.97,-0.61,0.03,-0.68,0.54,0.33,-0.68,0.54,0.33
699,0,699,96.86,18,39.99,-26.33,-0.64,0.03,-0.68,0.57,0.32,-0.68,0.57,0.32
700,0,700,97.15,18,47.5,-27.75,-0.68,0.03,-0.81,0.61,0.34,-0.81,0.61,0.34
701,0,701,97.08,18,46.21,-22.39,-0.55,0.03,-0.75,0.46,0.43,-0.75,0.46,0.43
702,0,702,96.01,18,54.14,-33.15,-0.81,0.03,-0.87,0.46,0.5,-0.87,0.46,0.5
703,0,703,95.48,18,56.71,-35.17,-0.86,0.03,-1.15,0.57,0.53,-1.15,0.57,0.53
704,0,704,94.16,18,53.49,-29.67,-0.72,0.03,-0.68,0.33,0.52,-0.68,0.33,0.52
705,0,705,92.42,18,48.94,-35.58,-0.87,0.03,-0.65,0.37,0.45,-0.65,0.37,0.45
706,0,706,91.07,18,59.25,-38.31,-0.93,0.03,-0.83,0.53,0.42,-0.83,0.53,0.42
707,0,707,88.6,18,174.64,-161.58,-3.94,0.03,-3.24,0.42,2.03,-3.24,0.42,2.03
708,0,708,86.48,18,56.78,-53.63,-1.31,0.03,-1.39,0.77,0.4,-1.39,0.77,0.4
709,0,709,84.95,18,49.18,-30.09,-0.73,0.03,-1.01,0.67,0.38,-1.01,0.67,0.38
710,0,710,84.14,18,63.92,-33.97,-0.83,0.03,-1.09,0.57,0.5,-1.09,0.57,0.5
711,0,711,83.87,18,57.89,-42.72,-1.04,0.03,-1.3,0.64,0.52,-1.3,0.64,0.52
712,0,712,83.9,18,50.55,-35.13,-0.86,0.03,-1.08,0.54,0.53,-1.08,0.54,0.53
713,0,713,83.99,18,45.63,-24.15,-0.59,0.03,-0.63,0.36,0.45,-0.63,0.36,0.45
714,0,714,85.56,18,57.1,-21.95,-0.54,0.03,-0.69,0.33,0.52,-0.69,0.33,0.52
715,0,715,87.21,18,53.59,-24.51,-0.6,0.03,-0.94,0.62,0.39,-0.94,0.62,0.39
716,0,716,88.76,18,53.72,-26.76,-0.65,0.03,-1.04,0.67,0.38,-1.04,0.67,0.38
717,0,717,90.24,18,69.05,-40.15,-0.98,0.03,-1.13,0.59,0.5,-1.13,0.59,0.5
718,0,718,88.96,18,74.87,-46.24,-1.13,0.03,-1.09,0.41,0.69,-1.09,0.41,0.69
719,0,719,88.01,18,63.44,-44.93,-1.1,0.03,-1.17,0.62,0.49,-1.17,0.62,0.49
720,0,720,87.6,18,62.48,-41.24,-1.01,0.03,-1.2,0.7,0.42,-1.2,0.7,0.42
745,0,745,106.59,18,73.07,-63.53,-1.55,0.03,-1.81,0.81,0.46,-1.81,0.81,0.46
746,0,746,106.43,18,71.02,-52.79,-1.29,0.03,-1.33,0.62,0.55,-1.33,0.62,0.55
747,0,747,106.15,18,73.07,-25.07,-0.61,0.03,-1.07,0.52,0.55,-1.07,0.52,0.55
748,0,748,105.69,18,61.7,-25.57,-0.62,0.03,-0.86,0.45,0.5,-0.86,0.45,0.5
749,0,749,104.62,18,70.55,-20.31,-0.5,0.03,-0.92,0.39,0.61,-0.92,0.39,0.61
750,0,750,102.97,18,51.13,-29.1,-0.71,0.03,-0.65,0.34,0.48,-0.65,0.34,0.48
751,0,751,100.88,18,47.55,-14.33,-0.35,0.03,-0.23,0.08,0.43,-0.23,0.08,0.43
752,0,752,98.68,18,45.22,-16.0,-0.39,0.03,-0.29,0.13,0.41,-0.29,0.13,0.41
753,0,753,98.14,18,143.61,-82.65,-2.01,0.03,-1.57,0.16,1.92,-1.57,0.16,1.92
754,0,754,99.52,18,54.29,-20.56,-0.5,0.03,-0.83,0.45,0.48,-0.83,0.45,0.48
755,0,755,102.53,18,50.49,-39.76,-0.97,0.03,-0.99,0.66,0.38,-0.99,0.66,0.38
756,0,756,105.1,18,55.37,-49.78,-1.21,0.03,-1.23,0.7,0.42,-1.23,0.7,0.42
757,0,757,106.82,18,59.61,-36.88,-0.9,0.03,-1.23,0.63,0.5,-1.23,0.63,0.5
758,0,758,108.35,18,83.23,-52.32,-1.28,0.03,-1.19,0.48,0.65,-1.19,0.48,0.65
759,0,759,109.03,18,72.7,-43.21,-1.05,0.03,-0.88,0.32,0.68,-0.88,0.32,0.68
760,0,760,109.7,18,55.44,-28.81,-0.7,0.03,-0.8,0.37,0.55,-0.8,0.37,0.55
761,0,761,109.77,18,59.6,-29.49,-0.72,0.03,-1.07,0.61,0.46,-1.07,0.61,0.46
762,0,762,109.71,18,64.3,-34.74,-0.85,0.03,-1.19,0.63,0.49,-1.19,0.63,0.49
763,0,763,108.71,18,66.8,-32.56,-0.79,0.03,-1.17,0.53,0.58,-1.17,0.53,0.58
764,0,764,106.53,18,71.2,-12.83,-0.31,0.03,-0.99,0.45,0.58,-0.99,0.45,0.58
765,0,765,103.95,18,53.14,-2.85,-0.07,0.03,-0.44,0.19,0.48,-0.44,0.19,0.48
766,0,766,102.9,18,50.3,-4.44,-0.11,0.03,-0.44,0.24,0.42,-0.44,0.24,0.42
767,0,767,103.55,18,41.31,-5.96,-0.15,0.03,-0.48,0.28,0.41,-0.48,0.28,0.41
768,0,768,105.21,18,76.64,-40.04,-0.98,0.03,-0.97,0.31,0.77,-0.97,0.31,0.77
769,0,769,105.42,18,52.07,-25.9,-0.63,0.03,-0.97,0.55,0.47,-0.97,0.55,0.47
770,0,770,105.65,18,50.92,-26.97,-0.66,0.03,-1.03,0.57,0.47,-1.03,0.57,0.47
771,0,771,105.92,18,48.55,-34.45,-0.84,0.03,-1.07,0.64,0.42,-1.07,0.64,0.42
772,0,772,106.21,18,47.38,-36.47,-0.89,0.03,-1.14,0.65,0.44,-1.14,0.65,0.44
773,0,773,107.49,18,47.76,-30.37,-0.74,0.03,-1.04,0.6,0.45,-1.04,0.6,0.45
774,0,774,107.31,18,36.96,-16.54,-0.4,0.03,-0.64,0.46,0.37,-0.64,0.46,0.37
775,0,775,107.69,18,46.0,-14.29,-0.35,0.03,-0.43,0.2,0.45,-0.43,0.2,0.45
776,0,776,108.51,18,65.72,-26.57,-0.65,0.03,-1.28,0.52,0.65,-1.28,0.52,0.65
777,0,777,109.58,18,74.22,-27.81,-0.68,0.03,-1.03,0.41,0.65,-1.03,0.41,0.65
778,0,778,109.83,18,65.64,-22.19,-0.54,0.03,-0.8,0.37,0.55,-0.8,0.37,0.55
779,0,779,107.78,18,40.92,-18.7,-0.46,0.03,-0.62,0.48,0.34,-0.62,0.48,0.34
780,0,780,105.08,18,60.6,-16.52,-0.4,0.03,-0.34,0.08,0.62,-0.34,0.08,0.62
781,0,781,103.2,18,73.09,-42.27,-1.03,0.03,-1.42,0.74,0.45,-1.42,0.74,0.45
782,0,782,102.11,18,58.78,-35.41,-0.86,0.03,-1.19,0.64,0.48,-1.19,0.64,0.48
783,0,783,101.36,18,48.38,-29.04,-0.71,0.03,-0.98,0.69,0.35,-0.98,0.69,0.35
784,0,784,103.52,18,43.55,-24.4,-0.59,0.03,-0.71,0.49,0.39,-0.71,0.49,0.39
785,0,785,105.93,18,46.51,5.47,0.13,0.03,-0.36,0.1,0.56,-0.36,0.1,0.56
786,0,786,107.76,18,58.72,-18.71,-0.46,0.03,-0.95,0.45,0.56,-0.95,0.45,0.56
787,0,787,108.78,18,55.48,-21.04,-0.51,0.03,-1.07,0.63,0.44,-1.07,0.63,0.44
788,0,788,108.8,18,54.24,-36.32,-0.89,0.03,-1.1,0.71,0.37,-1.1,0.71,0.37
789,0,789,109.23,18,45.27,-36.15,-0.88,0.03,-1.08,0.77,0.32,-1.08,0.77,0.32
790,0,790,109.74,18,59.96,-31.11,-0.76,0.03,-1.1,0.6,0.48,-1.1,0.6,0.48
791,0,791,110.59,18,63.66,-48.79,-1.19,0.03,-1.38,0.62,0.57,-1.38,0.62,0.57
792,0,792,111.06,17,65.88,-56.31,-1.37,0.03,-1.09,0.47,0.63,-1.09,0.47,0.63
817,0,817,128.97,18,88.38,-57.79,-1.41,0.03,-1.83,0.73,0.59,-1.83,0.73,0.59
818,0,818,127.25,18,80.25,-45.04,-1.1,0.03,-1.4,0.46,0.81,-1.4,0.46,0.81
819,0,819,125.1,18,70.58,-23.65,-0.58,0.03,-1.13,0.48,0.63,-1.13,0.48,0.63
820,0,820,122.82,18,61.18,-12.99,-0.32,0.03,-0.55,0.17,0.64,-0.55,0.17,0.64
821,0,821,121.55,18,75.78,-38.15,-0.93,0.03,-1.19,0.63,0.48,-1.19,0.63,0.48
822,0,822,120.75,18,91.21,-38.32,-0.93,0.03,-1.68,0.58,0.76,-1.68,0.58,0.76
823,0,823,121.86,18,70.38,-6.88,-0.17,0.03,-0.91,0.31,0.73,-0.91,0.31,0.73
824,0,824,123.59,18,82.04,-19.55,-0.48,0.03,-1.39,0.58,0.62,-1.39,0.58,0.62
825,0,825,126.81,18,101.65,-84.33,-2.06,0.03,-1.92,0.67,0.72,-1.92,0.67,0.72
826,0,826,127.43,18,204.54,-172.33,-4.2,0.03,-2.59,0.39,1.72,-2.59,0.39,1.72
827,0,827,128.0,18,132.19,-80.34,-1.96,0.03,-1.68,0.45,0.98,-1.68,0.45,0.98
828,0,828,128.67,18,79.12,-61.2,-1.49,0.03,-1.54,0.71,0.53,-1.54,0.71,0.53
829,0,829,130.86,18,68.66,-50.69,-1.24,0.03,-1.37,0.67,0.51,-1.37,0.67,0.51
830,0,830,133.04,18,84.34,-47.23,-1.15,0.03,-1.65,0.67,0.61,-1.65,0.67,0.61
831,0,831,134.83,18,83.91,-53.3,-1.3,0.03,-1.7,0.66,0.65,-1.7,0.66,0.65
832,0,832,137.22,18,91.76,-45.14,-1.1,0.03,-1.5,0.58,0.68,-1.5,0.58,0.68
833,0,833,140.75,18,120.5,-86.71,-2.11,0.03,-2.41,0.78,0.68,-2.41,0.78,0.68
834,0,834,143.09,18,87.58,-46.62,-1.14,0.03,-1.33,0.54,0.65,-1.33,0.54,0.65
835,0,835,144.41,18,86.62,-77.52,-1.89,0.03,-1.72,0.84,0.41,-1.72,0.84,0.41
836,0,836,146.81,18,65.97,-49.5,-1.21,0.03,-1.36,0.85,0.31,-1.36,0.85,0.31
837,0,837,146.35,18,66.0,-49.85,-1.22,0.03,-1.37,0.85,0.31,-1.37,0.85,0.31
838,0,838,143.65,18,67.47,-13.43,-0.33,0.03,-1.23,0.51,0.64,-1.23,0.51,0.64
839,0,839,141.85,18,61.34,-41.38,-1.01,0.03,-1.21,0.62,0.5,-1.21,0.62,0.5
840,0,840,142.06,18,62.49,-37.44,-0.91,0.03,-1.01,0.51,0.52,-1.01,0.51,0.52
889,0,889,106.59,18,84.02,38.4,0.94,0.03,0.61,0.07,1.15,0.61,0.07,1.15
890,0,890,106.28,18,57.22,22.16,0.54,0.03,-0.13,0.01,0.82,-0.13,0.01,0.82
891,0,891,107.12,18,62.51,38.88,0.95,0.03,0.23,0.02,0.78,0.23,0.02,0.78
892,0,892,107.19,18,64.67,-22.6,-0.55,0.03,-0.81,0.28,0.68,-0.81,0.28,0.68
893,0,893,106.98,18,70.89,-25.04,-0.61,0.03,-1.01,0.37,0.69,-1.01,0.37,0.69
894,0,894,106.49,18,70.32,-23.79,-0.58,0.03,-0.97,0.43,0.59,-0.97,0.43,0.59
895,0,895,105.63,18,72.39,-28.91,-0.7,0.03,-1.03,0.41,0.65,-1.03,0.41,0.65
896,0,896,106.2,18,88.12,-52.07,-1.27,0.03,-1.55,0.56,0.73,-1.55,0.56,0.73
897,0,897,107.04,18,93.17,-69.82,-1.7,0.03,-1.92,0.66,0.73,-1.92,0.66,0.73
898,0,898,107.03,18,90.04,-66.44,-1.62,0.03,-1.9,0.71,0.64,-1.9,0.71,0.64
899,0,899,106.13,18,87.42,-61.45,-1.5,0.03,-1.72,0.69,0.61,-1.72,0.69,0.61
900,0,900,103.89,18,83.92,-55.76,-1.36,0.03,-1.52,0.6,0.66,-1.52,0.6,0.66
901,0,901,101.12,18,51.53,-28.56,-0.7,0.03,-0.85,0.38,0.57,-0.85,0.38,0.57
902,0,902,99.18,18,50.86,-30.98,-0.76,0.03,-0.82,0.39,0.54,-0.82,0.39,0.54
903,0,903,97.45,18,56.0,-5.94,-0.14,0.03,-0.51,0.22,0.51,-0.51,0.22,0.51
904,0,904,95.47,18,60.73,-32.35,-0.79,0.03,-1.04,0.55,0.5,-1.04,0.55,0.5
905,0,905,94.12,18,64.25,-32.55,-0.79,0.03,-1.12,0.52,0.57,-1.12,0.52,0.57
906,0,906,95.41,18,62.73,-35.41,-0.86,0.03,-1.1,0.51,0.57,-1.1,0.51,0.57
907,0,907,97.52,18,69.21,-41.8,-1.02,0.03,-1.27,0.62,0.53,-1.27,0.62,0.53
908,0,908,98.79,18,75.59,-33.52,-0.82,0.03,-1.28,0.58,0.57,-1.28,0.58,0.57
909,0,909,99.57,18,81.97,-42.51,-1.04,0.03,-1.54,0.6,0.66,-1.54,0.6,0.66
910,0,910,101.3,18,83.27,-58.15,-1.42,0.03,-1.74,0.7,0.6,-1.74,0.7,0.6
911,0,911,103.57,18,92.49,-65.8,-1.6,0.03,-1.92,0.81,0.49,-1.92,0.81,0.49
912,0,912,104.47,18,80.6,-66.86,-1.63,0.03,-1.82,0.76,0.54,-1.82,0.76,0.54
937,0,937,89.83,18,73.83,-35.43,-0.86,0.03,-1.2,0.49,0.65,-1.2,0.49,0.65
938,0,938,90.29,18,73.3,-43.6,-1.06,0.03,-1.44,0.59,0.64,-1.44,0.59,0.64
939,0,939,91.35,18,72.79,-56.61,-1.38,0.03,-1.56,0.58,0.7,-1.56,0.58,0.7
940,0,940,93.41,18,73.14,-39.62,-0.97,0.03,-1.13,0.42,0.71,-1.13,0.42,0.71
941,0,941,94.73,18,71.7,-31.52,-0.77,0.03,-1.06,0.42,0.66,-1.06,0.42,0.66
942,0,942,96.56,18,68.65,-36.5,-0.89,0.03,-1.29,0.51,0.66,-1.29,0.51,0.66
943,0,943,100.16,18,56.03,-35.06,-0.85,0.03,-0.93,0.57,0.43,-0.93,0.57,0.43
944,0,944,104.03,18,64.75,-30.29,-0.74,0.03,-1.23,0.64,0.49,-1.23,0.64,0.49
945,0,945,107.84,18,47.93,-20.74,-0.51,0.03,-0.64,0.38,0.44,-0.64,0.38,0.44
946,0,946,111.64,18,33.42,-10.35,-0.25,0.03,-0.42,0.31,0.33,-0.42,0.31,0.33
947,0,947,113.66,18,47.59,-6.36,-0.16,0.03,-0.57,0.33,0.43,-0.57,0.33,0.43
948,0,948,115.45,18,54.65,21.1,0.51,0.03,0.26,0.03,0.79,0.26,0.03,0.79
949,0,949,117.3,18,80.01,-66.97,-1.63,0.03,-1.67,0.72,0.55,-1.67,0.72,0.55
950,0,950,118.66,18,91.38,-64.44,-1.57,0.03,-2.27,0.78,0.64,-2.27,0.78,0.64
951,0,951,119.95,18,71.88,-37.62,-0.92,0.03,-1.14,0.43,0.7,-1.14,0.43,0.7
952,0,952,120.94,18,92.04,-13.19,-0.32,0.03,-1.03,0.18,1.16,-1.03,0.18,1.16
953,0,953,121.28,18,83.24,-42.2,-1.03,0.03,-1.43,0.42,0.88,-1.43,0.42,0.88
954,0,954,121.31,18,67.75,-45.31,-1.1,0.03,-1.16,0.41,0.74,-1.16,0.41,0.74
955,0,955,120.99,18,71.92,-48.43,-1.18,0.03,-1.4,0.56,0.65,-1.4,0.56,0.65
956,0,956,120.5,18,91.6,-80.9,-1.97,0.03,-2.01,0.6,0.86,-2.01,0.6,0.86
957,0,957,120.0,18,95.32,-69.48,-1.69,0.03,-1.66,0.43,1.01,-1.66,0.43,1.01
958,0,958,119.55,18,85.7,-71.35,-1.74,0.03,-1.79,0.75,0.54,-1.79,0.75,0.54
959,0,959,117.26,18,80.47,-59.46,-1.45,0.03,-1.45,0.6,0.62,-1.45,0.6,0.62
960,0,960,112.42,18,80.41,-45.5,-1.11,0.03,-1.62,0.71,0.54,-1.62,0.71,0.54
985,0,985,65.4,18,47.99,-37.41,-0.91,0.03,-0.72,0.32,0.56,-0.72,0.32,0.56
986,0,986,65.42,18,52.07,-33.55,-0.82,0.03,-0.73,0.4,0.48,-0.73,0.4,0.48
987,0,987,65.3,18,55.63,-31.43,-0.77,0.03,-0.69,0.33,0.52,-0.69,0.33,0.52
988,0,988,65.16,18,52.57,-29.72,-0.72,0.03,-0.72,0.39,0.47,-0.72,0.39,0.47
989,0,989,65.01,18,51.83,-27.12,-0.66,0.03,-0.62,0.35,0.44,-0.62,0.35,0.44
990,0,990,64.67,18,48.37,-33.85,-0.83,0.03,-0.85,0.55,0.41,-0.85,0.55,0.41
991,0,991,64.6,18,40.15,-28.58,-0.7,0.03,-0.8,0.58,0.36,-0.8,0.58,0.36
992,0,992,64.53,18,39.15,-29.97,-0.73,0.03,-0.91,0.69,0.32,-0.91,0.69,0.32
993,0,993,64.46,18,43.08,-35.28,-0.86,0.03,-1.09,0.81,0.28,-1.09,0.81,0.28
994,0,994,64.31,18,37.95,-23.75,-0.58,0.03,-0.62,0.49,0.33,-0.62,0.49,0.33
995,0,995,64.17,18,48.24,-15.35,-0.37,0.03,-0.36,0.17,0.42,-0.36,0.17,0.42
996,0,996,64.02,18,39.0,-9.11,-0.22,0.03,-0.17,0.05,0.39,-0.17,0.05,0.39
997,0,997,63.89,18,42.07,-12.24,-0.3,0.03,-0.15,0.02,0.5,-0.15,0.02,0.5
998,0,998,63.99,18,48.51,-19.1,-0.47,0.03,-0.38,0.11,0.57,-0.38,0.11,0.57
999,0,999,64.08,18,47.72,-29.29,-0.71,0.03,-0.64,0.31,0.51,-0.64,0.31,0.51
1000,0,1000,64.12,18,47.86,-31.78,-0.77,0.03,-0.68,0.33,0.51,-0.68,0.33,0.51
1001,0,1001,64.11,18,40.37,-20.41,-0.5,0.03,-0.53,0.27,0.46,-0.53,0.27,0.46
1002,0,1002,64.1,18,44.43,-25.9,-0.63,0.03,-0.59,0.41,0.38,-0.59,0.41,0.38
1003,0,1003,64.09,18,40.72,-19.7,-0.48,0.03,-0.56,0.52,0.29,-0.56,0.52,0.29
1004,0,1004,64.08,18,51.9,-28.26,-0.69,0.03,-0.63,0.43,0.39,-0.63,0.43,0.39
1005,0,1005,64.07,18,62.89,-40.99,-1.0,0.03,-0.95,0.48,0.52,-0.95,0.48,0.52
1006,0,1006,64.0,18,68.49,-35.67,-0.87,0.03,-0.65,0.22,0.65,-0.65,0.22,0.65
1007,0,1007,63.83,18,53.84,-24.31,-0.59,0.03,-0.63,0.21,0.64,-0.63,0.21,0.64
1008,0,1008,63.66,18,72.29,-43.68,-1.06,0.03,-0.97,0.29,0.8,-0.97,0.29,0.8
1009,0,1009,63.48,18,65.2,-47.58,-1.16,0.03,-0.87,0.29,0.72,-0.87,0.29,0.72
1010,0,1010,62.99,18,51.72,-45.22,-1.1,0.03,-0.87,0.36,0.62,-0.87,0.36,0.62
1011,0,1011,62.85,18,53.68,-45.07,-1.1,0.03,-0.88,0.4,0.57,-0.88,0.4,0.57
1012,0,1012,62.86,18,77.29,-44.91,-1.09,0.03,-1.04,0.44,0.63,-1.04,0.44,0.63
1013,0,1013,62.85,18,53.88,-44.75,-1.09,0.03,-1.04,0.65,0.4,-1.04,0.65,0.4
1014,0,1014,62.8,18,53.88,-43.3,-1.06,0.03,-0.95,0.59,0.42,-0.95,0.59,0.42
1015,0,1015,62.75,18,53.89,-41.85,-1.02,0.03,-1.06,0.57,0.49,-1.06,0.57,0.49
1016,0,1016,62.71,18,80.01,-44.32,-1.08,0.03,-1.14,0.4,0.73,-1.14,0.4,0.73
1017,0,1017,62.76,18,64.87,-53.63,-1.31,0.03,-1.37,0.56,0.65,-1.37,0.56,0.65
1018,0,1018,62.76,18,86.85,-47.69,-1.16,0.03,-1.16,0.37,0.8,-1.16,0.37,0.8
1019,0,1019,62.78,18,72.75,-45.62,-1.11,0.03,-1.17,0.44,0.7,-1.17,0.44,0.7
1020,0,1020,62.81,18,57.74,-40.91,-1.0,0.03,-1.06,0.49,0.57,-1.06,0.49,0.57
1021,0,1021,62.83,18,45.71,-34.22,-0.83,0.03,-0.81,0.5,0.43,-0.81,0.5,0.43
1022,0,1022,62.86,18,61.8,-30.33,-0.74,0.03,-0.55,0.19,0.59,-0.55,0.19,0.59
1023,0,1023,62.71,18,60.28,-39.25,-0.96,0.03,-1.19,0.48,0.66,-1.19,0.48,0.66
1024,0,1024,62.57,18,54.43,-35.09,-0.86,0.03,-1.01,0.47,0.57,-1.01,0.47,0.57
1025,0,1025,62.49,18,52.5,-30.93,-0.75,0.03,-0.97,0.5,0.52,-0.97,0.5,0.52
1026,0,1026,62.46,18,59.72,-37.79,-0.92,0.03,-1.07,0.54,0.52,-1.07,0.54,0.52
1027,0,1027,62.7,18,52.52,-34.79,-0.85,0.03,-0.91,0.52,0.47,-0.91,0.52,0.47
1028,0,1028,62.94,18,50.09,-32.83,-0.8,0.03,-1.01,0.49,0.55,-1.01,0.49,0.55
1029,0,1029,63.17,18,50.38,-34.45,-0.84,0.03,-0.78,0.37,0.53,-0.78,0.37,0.53
1030,0,1030,63.41,18,49.08,-30.55,-0.74,0.03,-0.91,0.37,0.63,-0.91,0.37,0.63
1031,0,1031,63.83,18,52.15,-29.38,-0.72,0.03,-0.85,0.31,0.67,-0.85,0.31,0.67
1032,0,1032,64.36,18,51.2,-28.87,-0.7,0.03,-0.84,0.32,0.65,-0.84,0.32,0.65
1057,0,1057,71.01,18,44.44,-17.52,-0.43,0.03,-0.2,0.05,0.47,-0.2,0.05,0.47
1058,0,1058,71.14,18,39.87,-16.25,-0.4,0.03,-0.21,0.06,0.42,-0.21,0.06,0.42
1059,0,1059,71.25,18,37.72,-15.66,-0.38,0.03,-0.26,0.12,0.37,-0.26,0.12,0.37
1060,0,1060,71.36,18,35.58,-9.8,-0.24,0.03,-0.17,0.06,0.36,-0.17,0.06,0.36
1061,0,1061,71.41,18,35.1,-3.1,-0.08,0.03,-0.02,0.0,0.39,-0.02,0.0,0.39
1062,0,1062,71.43,18,38.66,-4.6,-0.11,0.03,0.0,0.0,0.37,0.0,0.0,0.37
1063,0,1063,71.44,18,39.2,-4.05,-0.1,0.03,0.05,0.01,0.36,0.05,0.01,0.36
1064,0,1064,71.46,18,37.16,-3.5,-0.09,0.03,0.1,0.02,0.37,0.1,0.02,0.37
1065,0,1065,71.48,18,35.42,-2.84,-0.07,0.03,0.14,0.03,0.41,0.14,0.03,0.41
1066,0,1066,71.5,18,36.76,-17.95,-0.44,0.03,-0.26,0.09,0.43,-0.26,0.09,0.43
1067,0,1067,71.51,18,35.98,-26.52,-0.65,0.03,-0.51,0.36,0.36,-0.51,0.36,0.36
1068,0,1068,71.46,18,28.99,-17.75,-0.43,0.03,-0.32,0.23,0.31,-0.32,0.23,0.31
1069,0,1069,71.37,18,37.7,-27.6,-0.67,0.03,-0.57,0.35,0.41,-0.57,0.35,0.41
1070,0,1070,71.27,18,33.45,-19.19,-0.47,0.03,-0.41,0.22,0.41,-0.41,0.22,0.41
1071,0,1071,71.18,18,35.69,-24.02,-0.59,0.03,-0.48,0.26,0.42,-0.48,0.26,0.42
1072,0,1072,71.08,18,49.08,-38.15,-0.93,0.03,-0.68,0.35,0.49,-0.68,0.35,0.49
1073,0,1073,70.99,18,53.6,-43.14,-1.05,0.03,-0.8,0.38,0.55,-0.8,0.38,0.55
1074,0,1074,70.87,18,42.91,-34.27,-0.84,0.03,-0.73,0.39,0.48,-0.73,0.39,0.48
1075,0,1075,70.7,18,37.8,-20.81,-0.51,0.03,-0.45,0.24,0.43,-0.45,0.24,0.43
1076,0,1076,70.51,18,38.12,-21.26,-0.52,0.03,-0.45,0.23,0.43,-0.45,0.23,0.43
1077,0,1077,70.31,18,38.89,-27.19,-0.66,0.03,-0.55,0.32,0.43,-0.55,0.32,0.43
1078,0,1078,70.06,18,42.63,-33.79,-0.82,0.03,-0.67,0.41,0.43,-0.67,0.41,0.43
1079,0,1079,69.76,18,42.02,-33.5,-0.82,0.03,-0.69,0.45,0.4,-0.69,0.45,0.4
1080,0,1080,69.46,18,43.7,-29.15,-0.71,0.03,-0.65,0.45,0.38,-0.65,0.45,0.38
1105,0,1105,72.93,18,46.49,2.63,0.06,0.03,-0.21,0.03,0.68,-0.21,0.03,0.68
1106,0,1106,110.09,18,99.05,25.83,0.63,0.03,-0.12,0.0,1.42,-0.12,0.0,1.42
1107,0,1107,126.73,18,196.21,69.51,1.69,0.03,-0.56,0.01,2.85,-0.56,0.01,2.85
1108,0,1108,131.76,18,443.16,295.36,7.2,0.03,5.33,0.36,3.78,5.33,0.36,3.78
1236,0,1236,51.34,18,414.95,184.64,4.5,0.03,3.42,0.16,4.16,3.42,0.16,4.16
1237,0,1237,52.16,18,415.27,165.25,4.03,0.03,-0.16,0.0,5.15,-0.16,0.0,5.15
1238,0,1238,52.83,18,388.02,145.83,3.56,0.03,0.0,0.0,4.75,0.0,0.0,4.75
1239,0,1239,53.55,18,347.71,122.74,2.99,0.03,0.6,0.01,4.22,0.6,0.01,4.22
1240,0,1240,54.37,18,303.43,107.95,2.63,0.03,1.16,0.03,3.61,1.16,0.03,3.61
1241,0,1241,55.19,18,260.84,107.04,2.61,0.03,1.3,0.05,2.97,1.3,0.05,2.97
1242,0,1242,56.01,18,271.51,106.16,2.59,0.03,0.83,0.02,2.84,0.83,0.02,2.84
1243,0,1243,56.83,18,226.66,105.31,2.57,0.03,0.18,0.0,1.99,0.18,0.0,1.99
1244,0,1244,57.65,18,225.89,101.47,2.47,0.03,0.7,0.04,1.85,0.7,0.04,1.85
1245,0,1245,58.56,18,215.96,95.01,2.32,0.03,1.12,0.1,1.83,1.12,0.1,1.83
1246,0,1246,59.46,17,140.34,-59.05,-1.57,0.04,0.68,0.04,1.79,0.68,0.04,1.79
1247,0,1247,60.33,18,175.4,-115.39,-2.81,0.03,0.53,0.02,2.02,0.53,0.02,2.02
1248,0,1248,61.12,18,157.69,-79.7,-1.94,0.03,0.61,0.03,1.94,0.61,0.03,1.94
1249,0,1249,60.68,18,126.78,-47.05,-1.15,0.03,0.01,0.0,1.4,0.01,0.0,1.4
1250,0,1250,60.2,18,110.34,-38.28,-0.93,0.03,-0.52,0.06,1.1,-0.52,0.06,1.1
1251,0,1251,60.17,18,109.65,-20.09,-0.49,0.03,-0.68,0.1,1.06,-0.68,0.1,1.06
1252,0,1252,60.34,18,110.42,-0.15,0.0,0.03,-0.64,0.08,1.14,-0.64,0.08,1.14
1253,0,1253,60.65,18,111.14,-17.26,-0.42,0.03,-0.87,0.16,1.04,-0.87,0.16,1.04
1254,0,1254,61.48,18,115.28,-115.28,-2.81,0.03,-1.72,0.55,0.82,-1.72,0.55,0.82
1255,0,1255,61.95,18,152.88,-152.88,-3.73,0.03,-2.11,0.6,0.91,-2.11,0.6,0.91
1256,0,1256,62.13,17,112.91,-112.91,-3.0,0.04,-1.82,0.58,0.85,-1.82,0.58,0.85
1257,0,1257,62.32,17,116.46,-116.46,-3.09,0.04,-1.9,0.61,0.84,-1.9,0.61,0.84
1258,0,1258,62.41,17,119.43,-119.43,-3.17,0.04,-1.96,0.62,0.84,-1.96,0.62,0.84
1259,0,1259,62.3,17,118.9,-118.9,-3.16,0.04,-2.02,0.64,0.83,-2.02,0.64,0.83
1260,0,1260,62.18,17,116.63,-116.63,-3.1,0.04,-2.12,0.68,0.81,-2.12,0.68,0.81
1261,0,1261,62.07,17,114.37,-114.37,-3.04,0.04,-2.22,0.7,0.79,-2.22,0.7,0.79
1262,0,1262,61.97,18,155.41,-155.41,-3.79,0.03,-2.7,0.75,0.84,-2.7,0.75,0.84
1263,0,1263,62.03,18,150.78,-150.78,-3.68,0.03,-2.76,0.78,0.78,-2.76,0.78,0.78
1264,0,1264,62.08,18,146.16,-146.16,-3.56,0.03,-2.83,0.82,0.71,-2.83,0.82,0.71
1265,0,1265,62.12,18,143.58,-143.58,-3.5,0.03,-2.9,0.84,0.68,-2.9,0.84,0.68
1266,0,1266,62.14,18,141.32,-141.32,-3.45,0.03,-2.98,0.86,0.64,-2.98,0.86,0.64
1267,0,1267,62.16,18,140.89,-140.89,-3.43,0.03,-3.09,0.89,0.58,-3.09,0.89,0.58
1268,0,1268,62.18,18,140.46,-140.46,-3.42,0.03,-3.2,0.91,0.54,-3.2,0.91,0.54
1269,0,1269,62.2,18,140.03,-140.03,-3.41,0.03,-3.31,0.92,0.52,-3.31,0.92,0.52
1270,0,1270,62.23,18,139.6,-139.6,-3.4,0.03,-3.42,0.93,0.5,-3.42,0.93,0.5
1271,0,1271,62.25,18,139.17,-139.17,-3.39,0.03,-3.52,0.93,0.5,-3.52,0.93,0.5
1272,0,1272,62.27,18,138.42,-138.42,-3.37,0.03,-3.61,0.94,0.5,-3.61,0.94,0.5
1273,0,1273,62.29,18,137.58,-137.58,-3.35,0.03,-3.69,0.94,0.52,-3.69,0.94,0.52
1274,0,1274,62.58,18,136.76,-136.76,-3.33,0.03,-3.78,0.94,0.53,-3.78,0.94,0.53
1275,0,1275,64.35,18,136.1,-136.1,-3.32,0.03,-3.9,0.93,0.58,-3.9,0.93,0.58
1276,0,1276,65.7,18,135.47,-135.47,-3.3,0.03,-4.13,0.92,0.65,-4.13,0.92,0.65
1277,0,1277,66.96,18,140.65,-134.9,-3.29,0.03,-4.33,0.9,0.75,-4.33,0.9,0.75
1278,0,1278,67.98,18,149.99,-134.32,-3.27,0.03,-4.49,0.89,0.84,-4.49,0.89,0.84
1279,0,1279,67.95,18,158.81,-134.12,-3.27,0.03,-4.64,0.87,0.94,-4.64,0.87,0.94
1428,0,1428,83.13,18,957.07,-143.25,-3.49,0.03,2.91,0.02,9.71,2.91,0.02,9.71
1429,0,1429,83.75,18,933.6,-84.7,-2.06,0.03,4.01,0.05,9.64,4.01,0.05,9.64
1430,0,1430,84.33,18,258.12,-40.79,-0.99,0.03,2.69,0.29,2.24,2.69,0.29,2.24
1431,0,1431,84.81,18,216.32,-25.68,-0.63,0.03,2.18,0.24,2.04,2.18,0.24,2.04
1432,0,1432,84.67,18,201.36,-1.83,-0.04,0.03,2.35,0.26,2.09,2.35,0.26,2.09
1433,0,1433,83.0,18,249.3,-6.82,-0.17,0.03,2.39,0.21,2.43,2.39,0.21,2.43
1434,0,1434,81.08,18,224.07,-1.02,-0.02,0.03,2.31,0.25,2.13,2.31,0.25,2.13
1435,0,1435,79.16,18,232.84,1.07,0.03,0.03,2.22,0.22,2.2,2.22,0.22,2.2
1436,0,1436,77.23,18,228.19,7.23,0.18,0.03,2.07,0.18,2.34,2.07,0.18,2.34
1437,0,1437,75.33,18,177.94,12.88,0.31,0.03,1.59,0.15,1.98,1.59,0.15,1.98
1438,0,1438,73.15,18,185.79,24.48,0.6,0.03,1.54,0.15,1.95,1.54,0.15,1.95
1439,0,1439,70.76,18,192.67,25.68,0.63,0.03,1.58,0.14,2.08,1.58,0.14,2.08
1440,0,1440,68.99,18,192.38,22.26,0.54,0.03,1.31,0.1,2.11,1.31,0.1,2.11
1441,0,1441,68.01,18,191.42,18.43,0.45,0.03,0.88,0.05,2.11,0.88,0.05,2.11
1442,0,1442,67.48,18,190.91,8.67,0.21,0.03,0.41,0.01,2.18,0.41,0.01,2.18
1443,0,1443,67.01,18,190.34,3.07,0.07,0.03,0.14,0.0,2.24,0.14,0.0,2.24
1445,0,1445,65.95,18,164.14,-2.51,-0.06,0.03,-0.15,0.0,1.93,-0.15,0.0,1.93
1446,0,1446,64.63,18,144.61,-7.97,-0.19,0.03,-0.46,0.02,1.81,-0.46,0.02,1.81
1447,0,1447,63.14,18,125.24,-15.03,-0.37,0.03,-0.79,0.06,1.65,-0.79,0.06,1.65
1448,0,1448,61.72,18,123.05,-22.86,-0.56,0.03,-1.13,0.14,1.51,-1.13,0.14,1.51
1449,0,1449,60.84,18,121.03,-30.91,-0.75,0.03,-1.35,0.22,1.36,-1.35,0.22,1.36
1450,0,1450,60.32,18,114.94,-38.57,-0.94,0.03,-1.48,0.3,1.19,-1.48,0.3,1.19
1451,0,1451,59.79,18,108.73,-38.58,-0.94,0.03,-1.45,0.33,1.1,-1.45,0.33,1.1
1452,0,1452,59.22,18,102.29,-38.58,-0.94,0.03,-1.43,0.35,1.02,-1.43,0.35,1.02
1501,0,1501,48.28,18,87.92,-17.59,-0.43,0.03,-0.89,0.32,0.7,-0.89,0.32,0.7
1502,0,1502,48.48,18,71.28,-21.4,-0.52,0.03,-0.75,0.33,0.57,-0.75,0.33,0.57
1503,0,1503,48.69,18,68.3,-25.38,-0.62,0.03,-0.68,0.24,0.64,-0.68,0.24,0.64
1504,0,1504,48.89,18,68.65,-35.41,-0.86,0.03,-0.77,0.29,0.63,-0.77,0.29,0.63
1505,0,1505,49.09,18,78.66,-52.53,-1.28,0.03,-1.05,0.38,0.72,-1.05,0.38,0.72
1506,0,1506,49.31,18,82.33,-56.09,-1.37,0.03,-1.62,0.5,0.85,-1.62,0.5,0.85
1507,0,1507,49.53,18,70.63,-34.2,-0.83,0.03,-1.43,0.51,0.74,-1.43,0.51,0.74
1508,0,1508,49.75,18,68.38,-22.33,-0.54,0.03,-1.25,0.49,0.68,-1.25,0.49,0.68
1509,0,1509,49.97,18,66.14,-30.03,-0.73,0.03,-1.34,0.63,0.54,-1.34,0.63,0.54
1510,0,1510,50.2,18,63.91,-37.73,-0.92,0.03,-1.4,0.69,0.5,-1.4,0.69,0.5
1511,0,1511,50.6,18,61.66,-41.11,-1.0,0.03,-1.4,0.69,0.5,-1.4,0.69,0.5
1512,0,1512,51.0,18,64.98,-37.71,-0.92,0.03,-1.29,0.62,0.54,-1.29,0.62,0.54
1513,0,1513,51.27,18,70.96,-34.33,-0.84,0.03,-1.18,0.53,0.59,-1.18,0.53,0.59
1514,0,1514,51.47,18,76.94,-30.95,-0.75,0.03,-1.44,0.56,0.68,-1.44,0.56,0.68
1515,0,1515,51.67,18,86.24,-27.58,-0.67,0.03,-1.69,0.51,0.88,-1.69,0.51,0.88
1516,0,1516,51.65,18,88.85,-19.84,-0.48,0.03,-0.89,0.27,0.77,-0.89,0.27,0.77
1517,0,1517,51.41,18,92.81,-11.73,-0.29,0.03,-0.48,0.08,0.84,-0.48,0.08,0.84
1518,0,1518,51.18,18,96.78,-3.6,-0.09,0.03,-0.47,0.07,0.88,-0.47,0.07,0.88
1519,0,1519,50.69,18,102.14,3.76,0.09,0.03,-0.46,0.06,0.96,-0.46,0.06,0.96
1520,0,1520,50.59,18,105.34,2.98,0.07,0.03,-0.56,0.08,0.99,-0.56,0.08,0.99
1521,0,1521,50.51,18,108.68,2.2,0.05,0.03,-0.66,0.1,1.04,-0.66,0.1,1.04
1522,0,1522,50.43,18,112.66,1.42,0.03,0.03,-0.76,0.12,1.08,-0.76,0.12,1.08
1523,0,1523,50.35,18,116.64,0.64,0.02,0.03,-0.84,0.14,1.13,-0.84,0.14,1.13
1524,0,1524,50.16,18,120.61,-0.14,0.0,0.03,-0.93,0.15,1.17,-0.93,0.15,1.17
1549,0,1549,47.09,18,73.24,4.37,0.11,0.03,0.2,0.03,0.63,0.2,0.03,0.63
1550,0,1550,47.19,18,71.8,9.5,0.23,0.03,0.36,0.09,0.61,0.36,0.09,0.61
1551,0,1551,47.29,18,70.36,14.64,0.36,0.03,0.53,0.17,0.61,0.53,0.17,0.61
1552,0,1552,47.39,18,68.91,19.77,0.48,0.03,0.69,0.26,0.62,0.69,0.26,0.62
1553,0,1553,47.5,18,67.47,24.91,0.61,0.03,0.86,0.33,0.64,0.86,0.33,0.64
1554,0,1554,47.6,18,66.03,31.51,0.77,0.03,1.04,0.41,0.66,1.04,0.41,0.66
241,0,241,89.03,18,52.4,-31.38,-0.76,0.03,-0.89,0.55,0.43,-0.89,0.55,0.43
242,0,242,88.66,18,57.33,-42.02,-1.02,0.03,-1.06,0.55,0.51,-1.06,0.55,0.51
243,0,243,88.54,18,56.45,-26.91,-0.66,0.03,-0.89,0.53,0.44,-0.89,0.53,0.44
244,0,244,88.68,18,43.67,-30.53,-0.74,0.03,-0.67,0.47,0.38,-0.67,0.47,0.38
245,0,245,88.64,18,52.12,-44.6,-1.09,0.03,-0.85,0.54,0.42,-0.85,0.54,0.42
246,0,246,87.85,18,36.91,-30.01,-0.73,0.03,-0.61,0.48,0.33,-0.61,0.48,0.33
247,0,247,87.75,18,52.7,-38.95,-0.95,0.03,-0.92,0.65,0.36,-0.92,0.65,0.36
248,0,248,87.9,18,61.6,-38.23,-0.93,0.03,-1.04,0.61,0.44,-1.04,0.61,0.44
249,0,249,88.02,18,47.78,-41.63,-1.01,0.03,-0.94,0.58,0.43,-0.94,0.58,0.43
250,0,250,88.13,18,51.55,-25.38,-0.62,0.03,-0.57,0.26,0.52,-0.57,0.26,0.52
251,0,251,88.17,18,50.12,-36.05,-0.88,0.03,-0.86,0.5,0.46,-0.86,0.5,0.46
252,0,252,88.06,18,47.25,-25.36,-0.62,0.03,-0.73,0.41,0.46,-0.73,0.41,0.46
253,0,253,87.93,18,60.86,-17.98,-0.44,0.03,-0.91,0.46,0.52,-0.91,0.46,0.52
254,0,254,87.91,18,78.53,-23.25,-0.57,0.03,-1.15,0.54,0.56,-1.15,0.54,0.56
255,0,255,87.99,18,77.4,-18.7,-0.46,0.03,-0.91,0.37,0.64,-0.91,0.37,0.64
256,0,256,88.08,18,73.4,-29.57,-0.72,0.03,-1.11,0.45,0.65,-1.11,0.45,0.65
257,0,257,88.2,18,64.92,-34.02,-0.83,0.03,-0.99,0.44,0.59,-0.99,0.44,0.59
258,0,258,88.32,18,70.97,-50.43,-1.23,0.03,-1.5,0.59,0.66,-1.5,0.59,0.66
259,0,259,88.45,18,61.67,-22.17,-0.54,0.03,-0.96,0.41,0.6,-0.96,0.41,0.6
260,0,260,88.58,18,55.85,-0.79,-0.02,0.03,-0.55,0.21,0.58,-0.55,0.21,0.58
261,0,261,88.72,18,72.5,-21.5,-0.52,0.03,-0.87,0.31,0.69,-0.87,0.31,0.69
262,0,262,88.99,18,75.31,-35.59,-0.87,0.03,-1.01,0.39,0.67,-1.01,0.39,0.67
263,0,263,89.27,18,62.93,-43.41,-1.06,0.03,-0.95,0.39,0.62,-0.95,0.39,0.62
264,0,264,89.46,18,62.52,-38.39,-0.94,0.03,-0.89,0.36,0.63,-0.89,0.36,0.63
313,0,313,104.4,18,55.99,-29.49,-0.72,0.03,-0.51,0.19,0.55,-0.51,0.19,0.55
314,0,314,104.05,18,51.93,-37.54,-0.92,0.03,-0.84,0.38,0.57,-0.84,0.38,0.57
315,0,315,103.46,18,46.54,-31.06,-0.76,0.03,-0.75,0.34,0.55,-0.75,0.34,0.55
316,0,316,102.87,18,49.38,-17.97,-0.44,0.03,-0.43,0.16,0.52,-0.43,0.16,0.52
317,0,317,103.05,18,46.85,-26.83,-0.65,0.03,-0.61,0.26,0.55,-0.61,0.26,0.55
318,0,318,103.48,18,67.62,-18.37,-0.45,0.03,-0.39,0.09,0.66,-0.39,0.09,0.66
319,0,319,103.91,18,56.35,-13.72,-0.33,0.03,-0.3,0.05,0.66,-0.3,0.05,0.66
320,0,320,104.42,18,45.12,-28.65,-0.7,0.03,-0.61,0.23,0.59,-0.61,0.23,0.59
321,0,321,105.79,18,70.38,-34.79,-0.85,0.03,-0.4,0.08,0.75,-0.4,0.08,0.75
322,0,322,106.26,18,51.14,-35.54,-0.87,0.03,-0.45,0.15,0.58,-0.45,0.15,0.58
323,0,323,106.7,18,50.39,-11.72,-0.29,0.03,-0.08,0.01,0.53,-0.08,0.01,0.53
324,0,324,107.13,18,74.41,-11.55,-0.28,0.03,-0.05,0.0,0.73,-0.05,0.0,0.73
325,0,325,107.56,18,75.84,-7.87,-0.19,0.03,-0.14,0.01,0.82,-0.14,0.01,0.82
326,0,326,107.79,18,53.34,-31.29,-0.76,0.03,-0.79,0.32,0.61,-0.79,0.32,0.61
327,0,327,107.99,18,51.38,-37.36,-0.91,0.03,-0.88,0.43,0.54,-0.88,0.43,0.54
328,0,328,108.01,18,64.18,-48.36,-1.18,0.03,-1.09,0.6,0.48,-1.09,0.6,0.48
329,0,329,107.66,18,73.43,-61.14,-1.49,0.03,-1.39,0.66,0.53,-1.39,0.66,0.53
330,0,330,107.37,18,75.72,-61.14,-1.49,0.03,-1.41,0.66,0.54,-1.41,0.66,0.54
331,0,331,106.8,18,69.81,-50.95,-1.24,0.03,-1.12,0.61,0.48,-1.12,0.61,0.48
332,0,332,106.32,18,63.16,-44.44,-1.08,0.03,-0.91,0.42,0.56,-0.91,0.42,0.56
333,0,333,106.13,18,81.58,-60.78,-1.48,0.03,-1.65,0.79,0.45,-1.65,0.79,0.45
334,0,334,106.98,18,50.13,-31.11,-0.76,0.03,-0.82,0.43,0.5,-0.82,0.43,0.5
335,0,335,107.64,18,57.63,-38.06,-0.93,0.03,-0.93,0.49,0.5,-0.93,0.49,0.5
336,0,336,108.28,18,47.99,-27.32,-0.67,0.03,-0.69,0.43,0.42,-0.69,0.43,0.42
361,0,361,95.56,18,51.25,-6.47,-0.16,0.03,0.08,0.01,0.48,0.08,0.01,0.48
362,0,362,94.87,18,65.43,9.61,0.23,0.03,0.62,0.27,0.54,0.62,0.27,0.54
363,0,363,94.46,18,59.82,-1.13,-0.03,0.03,0.41,0.14,0.54,0.41,0.14,0.54
364,0,364,94.45,18,55.63,-8.06,-0.2,0.03,0.14,0.02,0.53,0.14,0.02,0.53
365,0,365,94.79,18,68.2,1.96,0.05,0.03,0.24,0.04,0.6,0.24,0.04,0.6
366,0,366,95.13,18,75.61,21.46,0.52,0.03,0.58,0.15,0.73,0.58,0.15,0.73
367,0,367,95.14,18,78.26,3.48,0.08,0.03,0.51,0.12,0.75,0.51,0.12,0.75
368,0,368,95.09,18,73.95,0.27,0.01,0.03,0.06,0.0,0.72,0.06,0.0,0.72
369,0,369,95.52,18,77.16,-3.6,-0.09,0.03,-0.28,0.03,0.86,-0.28,0.03,0.86
370,0,370,95.93,18,72.05,10.51,0.26,0.03,0.49,0.17,0.57,0.49,0.17,0.57
371,0,371,96.42,18,82.88,-13.97,-0.34,0.03,0.26,0.02,0.89,0.26,0.02,0.89
372,0,372,98.29,18,76.94,13.88,0.34,0.03,0.68,0.21,0.69,0.68,0.21,0.69
373,0,373,99.96,18,59.2,-1.32,-0.03,0.03,0.15,0.02,0.62,0.15,0.02,0.62
374,0,374,100.68,18,46.92,-32.02,-0.78,0.03,-0.45,0.13,0.61,-0.45,0.13,0.61
375,0,375,102.12,18,61.92,-38.24,-0.93,0.03,-0.58,0.2,0.62,-0.58,0.2,0.62
376,0,376,102.8,18,73.39,-33.63,-0.82,0.03,-0.56,0.18,0.64,-0.56,0.18,0.64
377,0,377,103.31,18,64.37,-36.16,-0.88,0.03,-0.6,0.16,0.74,-0.6,0.16,0.74
378,0,378,102.96,18,65.83,-51.39,-1.25,0.03,-0.75,0.22,0.74,-0.75,0.22,0.74
379,0,379,102.66,18,51.12,-44.83,-1.09,0.03,-0.48,0.16,0.58,-0.48,0.16,0.58
380,0,380,102.73,18,53.32,-38.44,-0.94,0.03,-0.71,0.35,0.51,-0.71,0.35,0.51
381,0,381,102.85,18,46.77,-31.45,-0.77,0.03,-0.69,0.44,0.41,-0.69,0.44,0.41
382,0,382,102.64,18,52.45,-36.4,-0.89,0.03,-0.81,0.45,0.48,-0.81,0.45,0.48
383,0,383,101.76,18,49.85,-8.78,-0.21,0.03,-0.53,0.25,0.49,-0.53,0.25,0.49
384,0,384,100.83,18,49.21,-29.18,-0.71,0.03,-0.5,0.17,0.58,-0.5,0.17,0.58
433,0,433,120.52,18,57.88,-29.56,-0.72,0.03,-0.46,0.18,0.52,-0.46,0.18,0.52
434,0,434,120.84,18,41.06,-3.68,-0.09,0.03,-0.14,0.03,0.42,-0.14,0.03,0.42
435,0,435,120.76,18,52.64,11.04,0.27,0.03,0.26,0.05,0.56,0.26,0.05,0.56
436,0,436,120.47,18,97.91,-78.51,-1.91,0.03,-0.57,0.11,0.86,-0.57,0.11,0.86
437,0,437,120.42,18,74.26,-55.23,-1.35,0.03,-0.41,0.09,0.68,-0.41,0.09,0.68
438,0,438,120.4,18,69.01,11.58,0.28,0.03,0.62,0.18,0.7,0.62,0.18,0.7
439,0,439,119.59,18,103.12,34.92,0.85,0.03,1.67,0.52,0.85,1.67,0.52,0.85
440,0,440,115.73,18,41.93,-14.93,-0.36,0.03,-0.14,0.03,0.47,-0.14,0.03,0.47
441,0,441,112.83,18,51.85,-13.71,-0.33,0.03,-0.26,0.06,0.52,-0.26,0.06,0.52
442,0,442,110.53,18,45.08,-18.68,-0.46,0.03,-0.4,0.16,0.48,-0.4,0.16,0.48
443,0,443,108.44,18,42.72,-19.71,-0.48,0.03,-0.4,0.16,0.5,-0.4,0.16,0.5
444,0,444,108.01,18,50.21,-6.54,-0.16,0.03,0.01,0.0,0.49,0.01,0.0,0.49
445,0,445,107.31,18,68.65,-8.19,-0.2,0.03,-0.15,0.01,0.79,-0.15,0.01,0.79
446,0,446,106.53,18,60.12,-28.68,-0.7,0.03,-0.05,0.0,0.66,-0.05,0.0,0.66
447,0,447,104.81,18,45.48,-40.21,-0.98,0.03,-0.57,0.26,0.51,-0.57,0.26,0.51
448,0,448,102.27,18,44.9,-34.16,-0.83,0.03,-0.56,0.28,0.47,-0.56,0.28,0.47
449,0,449,100.46,18,48.32,-29.39,-0.72,0.03,-0.39,0.13,0.53,-0.39,0.13,0.53
450,0,450,99.09,18,44.34,-28.04,-0.68,0.03,-0.34,0.1,0.54,-0.34,0.1,0.54
451,0,451,96.62,18,47.59,-7.03,-0.17,0.03,0.02,0.0,0.52,0.02,0.0,0.52
452,0,452,94.14,18,44.95,-21.33,-0.52,0.03,-0.35,0.12,0.51,-0.35,0.12,0.51
453,0,453,92.2,18,46.63,-33.74,-0.82,0.03,-0.59,0.31,0.46,-0.59,0.31,0.46
454,0,454,91.01,18,40.39,-26.24,-0.64,0.03,-0.51,0.26,0.45,-0.51,0.26,0.45
455,0,455,90.01,18,45.56,-18.41,-0.45,0.03,-0.46,0.2,0.48,-0.46,0.2,0.48
456,0,456,89.07,18,50.39,-24.26,-0.59,0.03,-0.41,0.15,0.52,-0.41,0.15,0.52
481,0,481,131.83,18,646.73,609.91,14.87,0.03,6.46,0.24,6.18,6.46,0.24,6.18
482,0,482,132.96,18,622.04,566.15,13.8,0.03,6.34,0.26,5.62,6.34,0.26,5.62
483,0,483,135.31,18,622.46,562.33,13.71,0.03,6.29,0.27,5.44,6.29,0.27,5.44
484,0,484,135.38,18,640.08,588.98,14.36,0.03,6.51,0.27,5.66,6.51,0.27,5.66
485,0,485,132.23,18,653.67,610.47,14.88,0.03,6.23,0.23,6.08,6.23,0.23,6.08
486,0,486,129.08,18,650.23,597.36,14.56,0.03,5.61,0.2,5.9,5.61,0.2,5.9
487,0,487,127.04,18,622.81,573.34,13.98,0.03,4.62,0.17,5.46,4.62,0.17,5.46
488,0,488,125.93,18,47.53,-27.57,-0.67,0.03,-1.0,0.69,0.35,-1.0,0.69,0.35
489,0,489,124.66,18,68.57,-49.06,-1.2,0.03,-1.06,0.48,0.59,-1.06,0.48,0.59
490,0,490,123.39,18,84.36,-65.37,-1.59,0.03,-1.42,0.71,0.47,-1.42,0.71,0.47
491,0,491,121.96,18,68.57,-49.72,-1.21,0.03,-1.16,0.59,0.52,-1.16,0.59,0.52
492,0,492,120.13,18,59.02,-40.76,-0.99,0.03,-0.98,0.6,0.43,-0.98,0.6,0.43
493,0,493,118.98,18,48.54,-28.14,-0.69,0.03,-0.66,0.39,0.43,-0.66,0.39,0.43
494,0,494,117.7,18,56.69,-42.84,-1.04,0.03,-0.64,0.24,0.61,-0.64,0.24,0.61
495,0,495,116.28,18,78.76,-51.63,-1.26,0.03,-1.02,0.39,0.68,-1.02,0.39,0.68
496,0,496,114.16,18,146.49,-10.81,-0.26,0.03,-1.11,0.16,1.33,-1.11,0.16,1.33
497,0,497,111.94,18,81.66,-59.67,-1.45,0.03,-1.57,0.76,0.47,-1.57,0.76,0.47
498,0,498,109.75,18,77.32,-59.03,-1.44,0.03,-1.5,0.83,0.37,-1.5,0.83,0.37
499,0,499,107.98,18,77.49,-59.31,-1.45,0.03,-1.33,0.68,0.49,-1.33,0.68,0.49
500,0,500,106.21,18,74.82,-54.85,-1.34,0.03,-1.27,0.71,0.43,-1.27,0.71,0.43
501,0,501,104.54,18,73.85,-57.74,-1.41,0.03,-1.44,0.65,0.56,-1.44,0.65,0.56
502,0,502,105.36,18,93.03,-54.41,-1.33,0.03,-1.63,0.53,0.81,-1.63,0.53,0.81
503,0,503,106.77,18,87.14,-57.44,-1.4,0.03,-1.77,0.69,0.62,-1.77,0.69,0.62
504,0,504,107.27,18,88.11,-59.34,-1.45,0.03,-1.88,0.78,0.53,-1.88,0.78,0.53
505,0,505,106.97,18,93.3,-76.8,-1.87,0.03,-2.13,0.87,0.44,-2.13,0.87,0.44
506,0,506,106.32,18,86.97,-73.46,-1.79,0.03,-1.92,0.84,0.44,-1.92,0.84,0.44
507,0,507,104.53,18,85.38,-72.05,-1.76,0.03,-1.85,0.84,0.44,-1.85,0.84,0.44
508,0,508,102.03,18,86.59,-70.42,-1.72,0.03,-2.03,0.9,0.35,-2.03,0.9,0.35
509,0,509,100.72,18,91.39,-66.75,-1.63,0.03,-1.86,0.81,0.48,-1.86,0.81,0.48
510,0,510,100.46,18,89.32,-76.75,-1.87,0.03,-1.94,0.81,0.51,-1.94,0.81,0.51
511,0,511,99.88,18,91.91,-78.6,-1.92,0.03,-2.08,0.86,0.44,-2.08,0.86,0.44
512,0,512,98.86,18,107.77,-96.63,-2.36,0.03,-2.38,0.86,0.51,-2.38,0.86,0.51
513,0,513,97.23,18,111.4,-110.91,-2.7,0.03,-2.49,0.87,0.51,-2.49,0.87,0.51
514,0,514,95.78,18,116.66,-83.07,-2.03,0.03,-2.44,0.66,0.93,-2.44,0.66,0.93
515,0,515,94.97,18,136.97,-80.57,-1.96,0.03,-2.47,0.53,1.23,-2.47,0.53,1.23
516,0,516,94.35,18,240.76,-96.87,-2.36,0.03,-2.35,0.27,2.06,-2.35,0.27,2.06
517,0,517,93.73,18,87.83,-64.85,-1.58,0.03,-1.7,0.73,0.55,-1.7,0.73,0.55
518,0,518,93.12,18,70.96,-54.92,-1.34,0.03,-1.29,0.69,0.46,-1.29,0.69,0.46
519,0,519,92.68,18,61.14,-45.09,-1.1,0.03,-1.14,0.67,0.43,-1.14,0.67,0.43
520,0,520,92.33,18,66.63,-51.51,-1.26,0.03,-1.25,0.67,0.46,-1.25,0.67,0.46
521,0,521,91.98,18,82.19,-65.22,-1.59,0.03,-1.49,0.7,0.51,-1.49,0.7,0.51
522,0,522,92.01,18,91.95,-75.72,-1.85,0.03,-1.7,0.72,0.56,-1.7,0.72,0.56
523,0,523,92.99,18,81.52,-61.45,-1.5,0.03,-1.74,0.74,0.55,-1.74,0.74,0.55
524,0,524,94.56,18,78.77,-49.59,-1.21,0.03,-1.52,0.64,0.6,-1.52,0.64,0.6
525,0,525,95.39,18,84.01,-57.88,-1.41,0.03,-1.03,0.25,0.93,-1.03,0.25,0.93
526,0,526,95.98,18,64.37,-42.9,-1.05,0.03,-1.0,0.42,0.62,-1.0,0.42,0.62
527,0,527,94.11,18,70.91,-42.44,-1.03,0.03,-1.08,0.46,0.61,-1.08,0.46,0.61
528,0,528,93.59,18,67.11,-42.21,-1.03,0.03,-1.07,0.52,0.55,-1.07,0.52,0.55
529,0,529,94.25,18,52.01,-34.87,-0.85,0.03,-0.81,0.45,0.48,-0.81,0.45,0.48
530,0,530,94.67,18,59.09,-47.14,-1.15,0.03,-0.78,0.27,0.69,-0.78,0.27,0.69
531,0,531,94.95,18,43.29,-37.73,-0.92,0.03,-0.45,0.15,0.57,-0.45,0.15,0.57
532,0,532,95.24,18,60.33,-48.76,-1.19,0.03,-0.85,0.39,0.56,-0.85,0.39,0.56
533,0,533,95.62,18,57.73,-46.67,-1.14,0.03,-0.81,0.5,0.43,-0.81,0.5,0.43
534,0,534,96.05,18,60.8,-47.43,-1.16,0.03,-0.94,0.6,0.4,-0.94,0.6,0.4
535,0,535,95.77,18,55.0,-30.13,-0.73,0.03,-0.78,0.54,0.38,-0.78,0.54,0.38
536,0,536,96.22,18,69.29,-22.37,-0.55,0.03,-1.13,0.62,0.47,-1.13,0.62,0.47
537,0,537,98.08,18,83.5,-35.38,-0.86,0.03,-1.55,0.76,0.47,-1.55,0.76,0.47
538,0,538,99.4,18,61.7,-42.0,-1.02,0.03,-1.02,0.68,0.37,-1.02,0.68,0.37
539,0,539,100.68,18,40.75,-19.58,-0.48,0.03,-0.29,0.1,0.45,-0.29,0.1,0.45
540,0,540,101.65,18,79.0,-19.74,-0.48,0.03,-0.56,0.14,0.73,-0.56,0.14,0.73
541,0,541,102.75,18,78.89,-36.84,-0.9,0.03,-1.26,0.57,0.58,-1.26,0.57,0.58
542,0,542,103.97,18,60.56,-41.45,-1.01,0.03,-1.21,0.73,0.39,-1.21,0.73,0.39
543,0,543,105.15,18,63.88,-52.43,-1.28,0.03,-1.27,0.77,0.37,-1.27,0.77,0.37
544,0,544,108.06,18,81.28,-52.15,-1.27,0.03,-1.36,0.7,0.47,-1.36,0.7,0.47
545,0,545,110.03,18,52.7,-45.96,-1.12,0.03,-1.04,0.61,0.44,-1.04,0.61,0.44
546,0,546,111.49,18,59.09,-50.98,-1.24,0.03,-1.12,0.7,0.38,-1.12,0.7,0.38
547,0,547,112.31,18,57.69,-40.98,-1.0,0.03,-1.05,0.71,0.35,-1.05,0.71,0.35
548,0,548,113.14,18,43.99,-16.67,-0.41,0.03,-0.48,0.27,0.42,-0.48,0.27,0.42
549,0,549,113.93,18,55.74,-46.51,-1.13,0.03,-1.07,0.62,0.45,-1.07,0.62,0.45
550,0,550,113.98,18,59.38,-41.67,-1.02,0.03,-1.06,0.65,0.41,-1.06,0.65,0.41
551,0,551,113.96,18,49.47,-24.24,-0.59,0.03,-0.81,0.42,0.5,-0.81,0.42,0.5
552,0,552,114.66,18,53.4,-35.97,-0.88,0.03,-0.99,0.52,0.51,-0.99,0.52,0.51
553,0,553,114.05,18,43.68,-26.84,-0.65,0.03,-0.71,0.44,0.42,-0.71,0.44,0.42
554,0,554,112.63,18,57.39,-40.23,-0.98,0.03,-1.05,0.65,0.41,-1.05,0.65,0.41
555,0,555,111.99,18,57.59,-20.13,-0.49,0.03,-1.17,0.72,0.38,-1.17,0.72,0.38
556,0,556,111.6,18,64.08,-35.63,-0.87,0.03,-1.28,0.64,0.51,-1.28,0.64,0.51
557,0,557,111.8,18,98.5,-91.09,-2.22,0.03,-2.2,0.6,0.94,-2.2,0.6,0.94
558,0,558,112.52,18,74.48,-68.47,-1.67,0.03,-1.4,0.7,0.49,-1.4,0.7,0.49
559,0,559,112.99,18,51.93,-47.97,-1.17,0.03,-0.99,0.57,0.46,-0.99,0.57,0.46
560,0,560,112.95,18,60.58,-42.58,-1.04,0.03,-1.05,0.57,0.49,-1.05,0.57,0.49
561,0,561,112.93,18,102.46,-82.18,-2.0,0.03,-2.03,0.71,0.69,-2.03,0.71,0.69
562,0,562,112.69,18,77.7,-59.33,-1.45,0.03,-1.79,0.76,0.54,-1.79,0.76,0.54
563,0,563,114.51,18,60.52,-49.91,-1.22,0.03,-1.39,0.7,0.49,-1.39,0.7,0.49
564,0,564,116.48,18,61.86,-50.1,-1.22,0.03,-1.29,0.52,0.65,-1.29,0.52,0.65
565,0,565,119.34,18,68.22,-61.38,-1.5,0.03,-1.51,0.77,0.43,-1.51,0.77,0.43
566,0,566,121.45,18,75.89,-70.04,-1.71,0.03,-1.68,0.71,0.57,-1.68,0.71,0.57
567,0,567,122.88,18,80.2,-62.69,-1.53,0.03,-1.8,0.8,0.48,-1.8,0.8,0.48
568,0,568,122.67,18,67.37,-49.7,-1.21,0.03,-1.39,0.81,0.36,-1.39,0.81,0.36
569,0,569,119.87,18,57.96,-39.34,-0.96,0.03,-1.06,0.71,0.36,-1.06,0.71,0.36
570,0,570,117.99,18,75.81,-44.73,-1.09,0.03,-1.35,0.83,0.33,-1.35,0.83,0.33
571,0,571,116.56,18,75.8,-38.86,-0.95,0.03,-1.56,0.75,0.47,-1.56,0.75,0.47
572,0,572,115.63,18,60.21,-30.3,-0.74,0.03,-1.34,0.73,0.43,-1.34,0.73,0.43
573,0,573,113.24,18,59.97,-48.22,-1.18,0.03,-1.3,0.77,0.38,-1.3,0.77,0.38
574,0,574,109.82,18,65.86,-44.52,-1.09,0.03,-1.42,0.78,0.4,-1.42,0.78,0.4
575,0,575,108.26,18,82.96,-64.81,-1.58,0.03,-1.69,0.68,0.61,-1.69,0.68,0.61
576,0,576,107.18,18,70.01,-36.26,-0.88,0.03,-1.19,0.75,0.37,-1.19,0.75,0.37
601,0,601,72.42,18,57.49,-43.05,-1.05,0.03,-1.26,0.68,0.46,-1.26,0.68,0.46
602,0,602,72.48,18,58.49,-35.81,-0.87,0.03,-1.09,0.63,0.44,-1.09,0.63,0.44
603,0,603,72.31,18,49.08,-20.69,-0.5,0.03,-0.81,0.51,0.42,-0.81,0.51,0.42
604,0,604,72.42,18,51.63,-17.36,-0.42,0.03,-0.64,0.38,0.44,-0.64,0.38,0.44
605,0,605,72.48,18,44.37,-20.77,-0.51,0.03,-0.53,0.32,0.41,-0.53,0.32,0.41
606,0,606,72.52,18,50.09,-12.73,-0.31,0.03,-0.37,0.16,0.46,-0.37,0.16,0.46
607,0,607,72.55,18,51.07,-18.35,-0.45,0.03,-0.64,0.34,0.47,-0.64,0.34,0.47
608,0,608,72.81,18,50.7,-21.99,-0.54,0.03,-0.67,0.31,0.53,-0.67,0.31,0.53
609,0,609,73.17,18,51.38,-22.82,-0.56,0.03,-0.79,0.36,0.56,-0.79,0.36,0.56
610,0,610,73.53,18,47.24,-20.52,-0.5,0.03,-0.69,0.33,0.51,-0.69,0.33,0.51
611,0,611,73.93,18,52.72,-15.44,-0.38,0.03,-0.64,0.33,0.48,-0.64,0.33,0.48
612,0,612,74.32,18,44.9,-11.42,-0.28,0.03,-0.6,0.34,0.44,-0.6,0.34,0.44
613,0,613,74.72,18,54.09,-11.39,-0.28,0.03,-0.57,0.28,0.48,-0.57,0.28,0.48
614,0,614,75.12,18,48.98,-20.19,-0.49,0.03,-0.75,0.51,0.39,-0.75,0.51,0.39
615,0,615,75.41,18,48.81,-26.34,-0.64,0.03,-0.81,0.49,0.44,-0.81,0.49,0.44
616,0,616,75.63,18,45.15,-27.42,-0.67,0.03,-0.85,0.56,0.4,-0.85,0.56,0.4
617,0,617,75.85,18,42.53,-28.07,-0.68,0.03,-0.84,0.56,0.39,-0.84,0.56,0.39
618,0,618,76.52,18,38.6,-25.36,-0.62,0.03,-0.78,0.62,0.33,-0.78,0.62,0.33
619,0,619,78.11,18,45.77,-24.44,-0.6,0.03,-0.85,0.57,0.39,-0.85,0.57,0.39
620,0,620,80.27,18,42.59,-26.13,-0.64,0.03,-0.81,0.61,0.34,-0.81,0.61,0.34
621,0,621,82.67,18,50.75,-39.69,-0.97,0.03,-1.01,0.72,0.34,-1.01,0.72,0.34
622,0,622,85.12,18,55.78,-33.83,-0.82,0.03,-1.06,0.64,0.42,-1.06,0.64,0.42
623,0,623,86.42,18,60.58,-25.04,-0.61,0.03,-1.01,0.57,0.47,-1.01,0.57,0.47
624,0,624,87.44,18,52.84,-31.41,-0.77,0.03,-1.09,0.72,0.36,-1.09,0.72,0.36
625,0,625,88.45,18,67.98,-38.48,-0.94,0.03,-1.21,0.71,0.41,-1.21,0.71,0.41
626,0,626,89.42,18,60.89,-30.89,-0.75,0.03,-1.12,0.66,0.43,-1.12,0.66,0.43
627,0,627,90.34,18,67.03,-40.22,-0.98,0.03,-1.39,0.71,0.48,-1.39,0.71,0.48
628,0,628,91.29,18,60.37,-38.93,-0.95,0.03,-1.29,0.71,0.43,-1.29,0.71,0.43
629,0,629,92.18,18,57.92,-22.38,-0.55,0.03,-1.08,0.61,0.46,-1.08,0.61,0.46
630,0,630,93.04,18,56.93,-6.55,-0.16,0.03,-0.93,0.47,0.52,-0.93,0.47,0.52
631,0,631,93.91,18,46.85,-30.94,-0.75,0.03,-0.91,0.61,0.38,-0.91,0.61,0.38
632,0,632,94.64,18,61.86,-8.53,-0.21,0.03,-0.53,0.18,0.6,-0.53,0.18,0.6
633,0,633,94.5,18,67.31,-11.15,-0.27,0.03,-0.41,0.12,0.59,-0.41,0.12,0.59
634,0,634,94.99,18,69.08,-21.69,-0.53,0.03,-0.42,0.12,0.59,-0.42,0.12,0.59
635,0,635,95.49,18,49.95,-17.41,-0.42,0.03,-0.89,0.5,0.47,-0.89,0.5,0.47
636,0,636,95.98,18,50.03,-33.61,-0.82,0.03,-1.05,0.67,0.39,-1.05,0.67,0.39
637,0,637,96.48,18,55.82,-34.69,-0.85,0.03,-1.14,0.76,0.34,-1.14,0.76,0.34
638,0,638,96.97,18,72.77,-47.82,-1.17,0.03,-1.4,0.82,0.35,-1.4,0.82,0.35
639,0,639,97.45,18,69.61,-46.98,-1.15,0.03,-1.33,0.78,0.37,-1.33,0.78,0.37
640,0,640,97.94,18,63.58,-41.95,-1.02,0.03,-1.14,0.63,0.46,-1.14,0.63,0.46
641,0,641,99.4,18,59.23,-38.19,-0.93,0.03,-1.02,0.59,0.46,-1.02,0.59,0.46
642,0,642,99.99,18,67.98,-30.43,-0.74,0.03,-1.17,0.69,0.41,-1.17,0.69,0.41
643,0,643,100.08,18,47.28,-12.52,-0.31,0.03,-0.76,0.47,0.43,-0.76,0.47,0.43
644,0,644,101.28,18,47.6,-8.82,-0.22,0.03,-0.75,0.46,0.44,-0.75,0.46,0.44
645,0,645,100.27,18,48.79,-33.37,-0.81,0.03,-0.94,0.78,0.27,-0.94,0.78,0.27
646,0,646,99.34,18,53.26,-27.02,-0.66,0.03,-0.88,0.45,0.52,-0.88,0.45,0.52
647,0,647,98.66,18,64.11,-33.4,-0.81,0.03,-1.08,0.48,0.6,-1.08,0.48,0.6
648,0,648,98.82,18,64.97,-46.66,-1.14,0.03,-1.27,0.58,0.57,-1.27,0.58,0.57
673,0,673,121.01,18,76.49,-49.21,-1.2,0.03,-1.37,0.53,0.68,-1.37,0.53,0.68
674,0,674,120.02,18,81.94,-34.87,-0.85,0.03,-1.39,0.49,0.76,-1.39,0.49,0.76
675,0,675,118.36,18,60.69,-23.19,-0.57,0.03,-1.0,0.47,0.56,-1.0,0.47,0.56
676,0,676,116.71,18,89.96,-63.88,-1.56,0.03,-1.8,0.63,0.73,-1.8,0.63,0.73
677,0,677,116.25,18,69.46,-48.1,-1.17,0.03,-1.21,0.53,0.6,-1.21,0.53,0.6
678,0,678,116.44,18,78.97,-49.57,-1.21,0.03,-1.27,0.42,0.79,-1.27,0.42,0.79
679,0,679,117.04,18,203.63,-122.72,-2.99,0.03,-4.32,0.61,1.85,-4.32,0.61,1.85
680,0,680,118.34,18,68.46,-35.67,-0.87,0.03,-0.55,0.14,0.73,-0.55,0.14,0.73
681,0,681,118.14,18,61.75,-19.34,-0.47,0.03,-0.43,0.08,0.77,-0.43,0.08,0.77
682,0,682,118.36,18,143.68,-4.43,-0.11,0.03,-0.67,0.07,1.33,-0.67,0.07,1.33
683,0,683,119.18,18,231.27,11.4,0.28,0.03,-0.81,0.02,3.48,-0.81,0.02,3.48
684,0,684,120.35,18,291.44,-0.51,-0.01,0.03,1.67,0.06,3.65,1.67,0.06,3.65
685,0,685,120.68,18,105.29,-59.35,-1.45,0.03,-1.47,0.34,1.07,-1.47,0.34,1.07
686,0,686,120.49,18,223.17,-78.13,-1.9,0.03,-0.35,0.0,2.94,-0.35,0.0,2.94
687,0,687,120.36,18,93.04,-88.9,-2.17,0.03,-1.7,0.59,0.76,-1.7,0.59,0.76
688,0,688,118.77,18,87.62,-82.12,-2.0,0.03,-1.46,0.54,0.71,-1.46,0.54,0.71
689,0,689,115.81,18,79.96,-74.43,-1.81,0.03,-1.67,0.83,0.4,-1.67,0.83,0.4
690,0,690,111.67,18,74.43,-64.16,-1.56,0.03,-1.63,0.75,0.49,-1.63,0.75,0.49
691,0,691,107.55,18,59.19,-36.33,-0.89,0.03,-0.87,0.46,0.5,-0.87,0.46,0.5
692,0,692,104.9,18,41.88,-27.52,-0.67,0.03,-0.61,0.51,0.32,-0.61,0.51,0.32
693,0,693,104.73,18,42.05,-33.52,-0.82,0.03,-0.69,0.41,0.44,-0.69,0.41,0.44
694,0,694,102.95,18,43.55,-26.78,-0.65,0.03,-0.45,0.27,0.4,-0.45,0.27,0.4
695,0,695,100.87,18,94.19,-26.42,-0.64,0.03,-1.19,0.48,0.65,-1.19,0.48,0.65
696,0,696,99.17,18,52.81,-33.59,-0.82,0.03,-0.94,0.75,0.29,-0.94,0.75,0.29
721,0,721,87.59,18,57.2,-45.46,-1.11,0.03,-1.29,0.77,0.38,-1.29,0.77,0.38
722,0,722,88.01,18,73.32,-63.49,-1.55,0.03,-1.54,0.76,0.46,-1.54,0.76,0.46
723,0,723,88.78,18,62.99,-53.12,-1.3,0.03,-1.26,0.6,0.54,-1.26,0.6,0.54
724,0,724,91.05,18,68.69,-41.15,-1.0,0.03,-1.17,0.54,0.58,-1.17,0.54,0.58
725,0,725,93.48,18,53.8,-27.28,-0.67,0.03,-0.68,0.31,0.54,-0.68,0.31,0.54
726,0,726,95.72,18,59.41,-51.92,-1.27,0.03,-1.26,0.69,0.44,-1.26,0.69,0.44
727,0,727,97.8,18,52.91,-39.7,-0.97,0.03,-0.91,0.68,0.33,-0.91,0.68,0.33
728,0,728,98.74,18,67.06,-37.83,-0.92,0.03,-0.85,0.36,0.59,-0.85,0.36,0.59
729,0,729,100.16,18,60.38,-24.16,-0.59,0.03,-0.84,0.54,0.41,-0.84,0.54,0.41
730,0,730,100.99,18,72.25,-23.84,-0.58,0.03,-1.1,0.54,0.54,-1.1,0.54,0.54
731,0,731,101.71,18,67.07,-25.26,-0.62,0.03,-0.98,0.48,0.54,-0.98,0.48,0.54
732,0,732,102.42,18,70.16,-35.18,-0.86,0.03,-1.06,0.56,0.5,-1.06,0.56,0.5
733,0,733,102.81,18,64.25,-44.65,-1.09,0.03,-1.09,0.63,0.45,-1.09,0.63,0.45
734,0,734,102.89,18,60.99,-14.09,-0.34,0.03,-1.03,0.55,0.5,-1.03,0.55,0.5
735,0,735,102.98,18,36.79,-11.08,-0.27,0.03,-0.53,0.37,0.37,-0.53,0.37,0.37
736,0,736,103.57,18,51.92,-35.89,-0.88,0.03,-0.76,0.44,0.45,-0.76,0.44,0.45
737,0,737,103.99,18,65.27,-40.62,-0.99,0.03,-0.96,0.54,0.47,-0.96,0.54,0.47
738,0,738,105.39,18,68.42,-50.48,-1.23,0.03,-1.18,0.72,0.39,-1.18,0.72,0.39
739,0,739,106.51,18,66.35,-35.28,-0.86,0.03,-1.0,0.59,0.44,-1.0,0.59,0.44
740,0,740,108.16,18,61.76,-24.66,-0.6,0.03,-0.96,0.53,0.48,-0.96,0.53,0.48
741,0,741,108.28,18,75.68,-26.79,-0.65,0.03,-1.34,0.57,0.61,-1.34,0.57,0.61
742,0,742,107.95,18,83.65,-37.21,-0.91,0.03,-1.48,0.57,0.67,-1.48,0.57,0.67
743,0,743,107.31,18,78.54,-63.75,-1.55,0.03,-1.94,0.82,0.48,-1.94,0.82,0.48
744,0,744,106.95,18,80.36,-61.85,-1.51,0.03,-2.0,0.78,0.57,-2.0,0.78,0.57
793,0,793,112.08,18,67.93,-50.8,-1.24,0.03,-1.3,0.66,0.49,-1.3,0.66,0.49
794,0,794,114.65,18,76.52,-59.32,-1.45,0.03,-1.52,0.6,0.65,-1.52,0.6,0.65
795,0,795,116.97,18,67.17,-43.47,-1.06,0.03,-1.27,0.52,0.65,-1.27,0.52,0.65
796,0,796,118.14,18,68.08,-34.33,-0.84,0.03,-1.06,0.43,0.64,-1.06,0.43,0.64
797,0,797,119.21,18,82.27,-50.0,-1.22,0.03,-1.7,0.65,0.67,-1.7,0.65,0.67
798,0,798,120.48,18,58.32,-45.47,-1.11,0.03,-1.17,0.64,0.47,-1.17,0.64,0.47
799,0,799,121.84,18,46.58,-24.31,-0.59,0.03,-0.87,0.52,0.44,-0.87,0.52,0.44
800,0,800,122.24,18,54.9,-44.42,-1.08,0.03,-1.21,0.65,0.46,-1.21,0.65,0.46
801,0,801,124.35,18,65.49,-49.3,-1.2,0.03,-1.19,0.53,0.6,-1.19,0.53,0.6
802,0,802,125.32,18,67.07,-48.59,-1.18,0.03,-1.16,0.57,0.54,-1.16,0.57,0.54
803,0,803,126.38,18,68.91,-50.11,-1.22,0.03,-1.07,0.46,0.61,-1.07,0.46,0.61
804,0,804,126.8,18,40.48,-19.02,-0.46,0.03,-0.5,0.3,0.41,-0.5,0.3,0.41
805,0,805,126.34,18,52.44,-35.37,-0.86,0.03,-0.82,0.47,0.46,-0.82,0.47,0.46
806,0,806,125.94,18,59.72,-45.25,-1.1,0.03,-0.99,0.46,0.58,-0.99,0.46,0.58
807,0,807,125.51,18,66.84,-46.76,-1.14,0.03,-1.29,0.66,0.49,-1.29,0.66,0.49
808,0,808,124.81,18,72.43,-46.81,-1.14,0.03,-1.4,0.62,0.58,-1.4,0.62,0.58
809,0,809,123.39,18,60.84,-28.5,-0.69,0.03,-1.04,0.48,0.58,-1.04,0.48,0.58
810,0,810,120.81,18,74.31,-29.64,-0.72,0.03,-1.38,0.52,0.71,-1.38,0.52,0.71
811,0,811,118.76,18,65.61,-25.17,-0.61,0.03,-1.16,0.46,0.67,-1.16,0.46,0.67
812,0,812,119.77,18,68.25,-14.41,-0.35,0.03,-1.11,0.41,0.7,-1.11,0.41,0.7
813,0,813,123.26,18,69.25,-27.17,-0.66,0.03,-1.09,0.53,0.55,-1.09,0.53,0.55
814,0,814,126.48,18,70.67,-28.24,-0.69,0.03,-1.32,0.64,0.52,-1.32,0.64,0.52
815,0,815,129.02,18,59.26,-31.14,-0.76,0.03,-1.0,0.53,0.5,-1.0,0.53,0.5
816,0,816,129.55,18,94.26,-59.57,-1.45,0.03,-1.98,0.7,0.68,-1.98,0.7,0.68
841,0,841,144.13,18,63.52,-35.48,-0.86,0.03,-0.94,0.49,0.51,-0.94,0.49,0.51
842,0,842,146.34,18,71.6,-31.31,-0.76,0.03,-1.39,0.59,0.61,-1.39,0.59,0.61
843,0,843,149.39,18,54.47,-18.31,-0.45,0.03,-0.97,0.44,0.58,-0.97,0.44,0.58
844,0,844,152.0,18,58.67,-23.04,-0.56,0.03,-0.86,0.51,0.44,-0.86,0.51,0.44
845,0,845,153.4,18,53.84,-13.42,-0.33,0.03,-0.83,0.52,0.42,-0.83,0.52,0.42
846,0,846,154.9,18,61.4,-30.17,-0.74,0.03,-1.25,0.76,0.37,-1.25,0.76,0.37
847,0,847,156.63,18,76.39,-37.07,-0.9,0.03,-0.96,0.28,0.81,-0.96,0.28,0.81
848,0,848,154.97,18,56.96,-32.31,-0.79,0.03,-1.0,0.57,0.46,-1.0,0.57,0.46
849,0,849,151.87,18,61.42,-16.83,-0.41,0.03,-0.94,0.29,0.78,-0.94,0.29,0.78
850,0,850,148.43,18,52.43,-2.03,-0.05,0.03,-0.55,0.18,0.62,-0.55,0.18,0.62
851,0,851,145.83,18,53.91,-17.08,-0.42,0.03,-0.79,0.41,0.5,-0.79,0.41,0.5
852,0,852,144.75,18,48.21,-21.4,-0.52,0.03,-0.81,0.44,0.48,-0.81,0.44,0.48
853,0,853,145.2,18,52.49,-35.45,-0.86,0.03,-0.82,0.64,0.33,-0.82,0.64,0.33
854,0,854,143.82,18,59.24,-42.2,-1.03,0.03,-0.97,0.52,0.49,-0.97,0.52,0.49
855,0,855,143.15,18,47.92,-30.43,-0.74,0.03,-0.85,0.53,0.42,-0.85,0.53,0.42
856,0,856,142.62,18,50.23,-26.05,-0.64,0.03,-0.98,0.53,0.49,-0.98,0.53,0.49
857,0,857,141.07,18,76.42,-6.8,-0.17,0.03,-1.11,0.33,0.84,-1.11,0.33,0.84
858,0,858,139.24,18,59.73,-19.52,-0.48,0.03,-0.87,0.37,0.6,-0.87,0.37,0.6
859,0,859,136.7,18,50.19,-24.01,-0.59,0.03,-0.78,0.49,0.42,-0.78,0.49,0.42
860,0,860,137.03,18,70.41,-7.64,-0.19,0.03,-0.95,0.37,0.66,-0.95,0.37,0.66
861,0,861,136.86,18,73.79,-22.13,-0.54,0.03,-1.15,0.47,0.65,-1.15,0.47,0.65
862,0,862,135.7,18,97.59,-52.82,-1.29,0.03,-1.79,0.57,0.82,-1.79,0.57,0.82
863,0,863,134.16,18,111.35,-65.04,-1.59,0.03,-1.81,0.54,0.89,-1.81,0.54,0.89
864,0,864,132.1,18,84.12,-42.5,-1.04,0.03,-1.38,0.48,0.76,-1.38,0.48,0.76
865,0,865,128.99,18,98.24,-68.63,-1.67,0.03,-2.09,0.81,0.54,-2.09,0.81,0.54
866,0,866,125.79,18,70.12,-49.76,-1.21,0.03,-1.48,0.67,0.56,-1.48,0.67,0.56
867,0,867,122.58,18,74.72,-54.95,-1.34,0.03,-1.28,0.65,0.5,-1.28,0.65,0.5
868,0,868,119.13,18,76.31,-58.44,-1.42,0.03,-1.49,0.6,0.65,-1.49,0.6,0.65
869,0,869,116.62,18,68.48,-50.57,-1.23,0.03,-1.2,0.58,0.55,-1.2,0.58,0.55
870,0,870,115.53,18,70.25,-31.33,-0.76,0.03,-0.97,0.36,0.69,-0.97,0.36,0.69
871,0,871,113.98,18,74.38,-19.52,-0.48,0.03,-1.08,0.38,0.73,-1.08,0.38,0.73
872,0,872,111.91,18,70.69,-33.96,-0.83,0.03,-0.96,0.37,0.67,-0.96,0.37,0.67
873,0,873,110.28,18,64.95,-23.83,-0.58,0.03,-0.78,0.32,0.6,-0.78,0.32,0.6
874,0,874,109.51,18,68.98,-31.51,-0.77,0.03,-1.07,0.53,0.53,-1.07,0.53,0.53
875,0,875,111.02,18,78.52,-24.33,-0.59,0.03,-1.03,0.42,0.65,-1.03,0.42,0.65
876,0,876,113.39,18,70.1,-10.19,-0.25,0.03,-0.8,0.34,0.6,-0.8,0.34,0.6
877,0,877,114.21,18,86.05,-20.66,-0.5,0.03,-1.06,0.37,0.73,-1.06,0.37,0.73
878,0,878,113.27,18,77.32,-12.71,-0.31,0.03,-0.99,0.39,0.66,-0.99,0.39,0.66
879,0,879,113.65,18,67.94,-2.39,-0.06,0.03,-0.86,0.33,0.65,-0.86,0.33,0.65
880,0,880,113.22,18,77.21,-8.01,-0.2,0.03,-0.97,0.34,0.71,-0.97,0.34,0.71
881,0,881,112.99,18,88.52,-14.67,-0.36,0.03,-1.17,0.36,0.83,-1.17,0.36,0.83
882,0,882,112.96,18,76.5,-21.7,-0.53,0.03,-1.02,0.35,0.74,-1.02,0.35,0.74
883,0,883,112.18,18,77.72,-25.13,-0.61,0.03,-1.06,0.33,0.8,-1.06,0.33,0.8
884,0,884,111.95,18,76.56,-25.39,-0.62,0.03,-1.14,0.39,0.75,-1.14,0.39,0.75
885,0,885,110.34,18,78.44,-30.11,-0.73,0.03,-1.16,0.44,0.69,-1.16,0.44,0.69
886,0,886,108.19,18,73.04,-19.68,-0.48,0.03,-1.09,0.48,0.6,-1.09,0.48,0.6
887,0,887,107.5,18,67.31,-17.69,-0.43,0.03,-0.96,0.42,0.6,-0.96,0.42,0.6
888,0,888,107.01,18,79.21,27.07,0.66,0.03,-0.62,0.08,1.09,-0.62,0.08,1.09
913,0,913,105.22,18,71.45,-57.88,-1.41,0.03,-1.5,0.6,0.65,-1.5,0.6,0.65
914,0,914,105.97,18,87.35,-67.54,-1.65,0.03,-1.84,0.61,0.78,-1.84,0.61,0.78
915,0,915,106.05,18,93.32,-72.93,-1.78,0.03,-2.02,0.63,0.83,-2.02,0.63,0.83
916,0,916,104.92,18,78.04,-49.91,-1.22,0.03,-1.49,0.49,0.81,-1.49,0.49,0.81
917,0,917,104.22,18,67.13,-38.03,-0.93,0.03,-1.24,0.61,0.53,-1.24,0.61,0.53
918,0,918,103.79,18,101.66,-42.74,-1.04,0.03,-1.74,0.53,0.86,-1.74,0.53,0.86
919,0,919,103.37,18,157.78,-81.21,-1.98,0.03,-2.22,0.45,1.31,-2.22,0.45,1.31
920,0,920,102.96,18,73.43,-38.68,-0.94,0.03,-1.44,0.7,0.5,-1.44,0.7,0.5
921,0,921,101.55,18,68.01,-36.03,-0.88,0.03,-1.54,0.67,0.58,-1.54,0.67,0.58
922,0,922,99.79,18,57.22,-24.27,-0.59,0.03,-1.19,0.55,0.56,-1.19,0.55,0.56
923,0,923,98.9,18,95.1,-11.56,-0.28,0.03,-0.91,0.22,0.91,-0.91,0.22,0.91
924,0,924,98.18,18,83.46,-53.83,-1.31,0.03,-1.8,0.79,0.5,-1.8,0.79,0.5
925,0,925,96.96,18,104.41,-82.24,-2.01,0.03,-2.34,0.81,0.59,-2.34,0.81,0.59
926,0,926,95.79,18,92.05,-84.82,-2.07,0.03,-2.31,0.79,0.63,-2.31,0.79,0.63
927,0,927,94.72,18,94.73,-83.02,-2.02,0.03,-2.29,0.78,0.65,-2.29,0.78,0.65
928,0,928,94.25,18,91.24,-70.73,-1.72,0.03,-2.18,0.78,0.62,-2.18,0.78,0.62
929,0,929,94.48,18,96.97,-61.78,-1.51,0.03,-2.04,0.68,0.74,-2.04,0.68,0.74
930,0,930,95.09,18,71.05,-35.03,-0.85,0.03,-1.38,0.58,0.63,-1.38,0.58,0.63
931,0,931,92.93,18,73.58,-41.0,-1.0,0.03,-1.34,0.67,0.5,-1.34,0.67,0.5
932,0,932,90.47,18,79.79,-49.66,-1.21,0.03,-1.5,0.69,0.53,-1.5,0.69,0.53
933,0,933,88.83,18,83.29,-57.17,-1.39,0.03,-1.67,0.64,0.66,-1.67,0.64,0.66
934,0,934,88.43,18,67.51,-41.2,-1.0,0.03,-1.27,0.47,0.71,-1.27,0.47,0.71
935,0,935,88.91,18,68.53,-44.82,-1.09,0.03,-1.33,0.51,0.69,-1.33,0.51,0.69
936,0,936,88.95,18,72.66,-42.17,-1.03,0.03,-1.45,0.59,0.64,-1.45,0.59,0.64
961,0,961,108.39,18,90.2,-61.13,-1.49,0.03,-1.72,0.73,0.56,-1.72,0.73,0.56
962,0,962,105.33,18,69.12,-51.74,-1.26,0.03,-1.19,0.61,0.51,-1.19,0.61,0.51
963,0,963,103.05,18,69.46,-43.11,-1.05,0.03,-1.2,0.64,0.48,-1.2,0.64,0.48
964,0,964,100.06,18,74.98,-53.52,-1.3,0.03,-1.31,0.54,0.65,-1.31,0.54,0.65
965,0,965,97.03,18,101.55,-83.87,-2.04,0.03,-1.3,0.51,0.67,-1.3,0.51,0.67
966,0,966,94.6,18,77.18,-56.75,-1.38,0.03,-1.41,0.62,0.59,-1.41,0.62,0.59
967,0,967,92.09,18,63.58,-31.76,-0.77,0.03,-1.08,0.65,0.42,-1.08,0.65,0.42
968,0,968,88.27,18,63.9,-12.38,-0.3,0.03,-0.62,0.28,0.53,-0.62,0.28,0.53
969,0,969,84.76,18,58.49,-16.73,-0.41,0.03,-0.52,0.22,0.52,-0.52,0.22,0.52
970,0,970,81.58,18,57.39,-4.33,-0.11,0.03,-0.53,0.26,0.47,-0.53,0.26,0.47
971,0,971,78.62,18,47.13,-10.5,-0.26,0.03,-0.5,0.3,0.4,-0.5,0.3,0.4
972,0,972,76.63,18,60.73,-18.28,-0.45,0.03,-0.46,0.21,0.47,-0.46,0.21,0.47
973,0,973,74.72,18,47.95,-8.62,-0.21,0.03,-0.36,0.18,0.41,-0.36,0.18,0.41
974,0,974,72.9,18,42.34,-14.13,-0.34,0.03,-0.37,0.18,0.42,-0.37,0.18,0.42
975,0,975,71.71,18,53.27,-23.38,-0.57,0.03,-0.5,0.19,0.55,-0.5,0.19,0.55
976,0,976,70.53,18,54.71,-29.51,-0.72,0.03,-0.68,0.38,0.46,-0.68,0.38,0.46
977,0,977,69.54,18,60.04,-27.99,-0.68,0.03,-0.91,0.5,0.49,-0.91,0.5,0.49
978,0,978,68.9,18,52.84,-8.48,-0.21,0.03,-0.47,0.15,0.59,-0.47,0.15,0.59
979,0,979,68.27,18,54.3,-14.83,-0.36,0.03,-0.37,0.1,0.59,-0.37,0.1,0.59
980,0,980,67.68,18,49.1,-21.76,-0.53,0.03,-0.42,0.13,0.58,-0.42,0.13,0.58
981,0,981,67.0,18,48.35,-30.68,-0.75,0.03,-0.55,0.2,0.58,-0.55,0.2,0.58
982,0,982,66.26,18,46.81,-34.44,-0.84,0.03,-0.61,0.24,0.58,-0.61,0.24,0.58
983,0,983,65.55,18,52.47,-39.03,-0.95,0.03,-0.67,0.25,0.61,-0.67,0.25,0.61
984,0,984,65.24,18,48.73,-33.47,-0.82,0.03,-0.61,0.25,0.57,-0.61,0.25,0.57
1033,0,1033,64.89,18,48.85,-29.9,-0.73,0.03,-0.86,0.37,0.6,-0.86,0.37,0.6
1034,0,1034,65.44,18,48.18,-32.78,-0.8,0.03,-0.91,0.43,0.55,-0.91,0.43,0.55
1035,0,1035,65.91,18,45.24,-34.98,-0.85,0.03,-0.9,0.47,0.5,-0.9,0.47,0.5
1036,0,1036,66.19,18,41.8,-32.46,-0.79,0.03,-0.8,0.48,0.44,-0.8,0.48,0.44
1037,0,1037,66.45,18,48.44,-40.35,-0.98,0.03,-1.07,0.59,0.48,-1.07,0.59,0.48
1038,0,1038,66.72,18,57.58,-41.3,-1.01,0.03,-1.03,0.56,0.49,-1.03,0.56,0.49
1039,0,1039,66.99,18,66.72,-42.72,-1.04,0.03,-1.06,0.53,0.53,-1.06,0.53,0.53
1040,0,1040,67.26,18,75.87,-48.88,-1.19,0.03,-1.27,0.57,0.58,-1.27,0.57,0.58
1041,0,1041,67.51,18,82.15,-50.22,-1.22,0.03,-1.39,0.58,0.63,-1.39,0.58,0.63
1042,0,1042,67.69,18,78.64,-41.08,-1.0,0.03,-1.05,0.43,0.64,-1.05,0.43,0.64
1043,0,1043,67.92,18,75.12,-31.94,-0.78,0.03,-0.92,0.37,0.64,-0.92,0.37,0.64
1044,0,1044,68.2,18,74.96,-29.07,-0.71,0.03,-0.8,0.25,0.74,-0.8,0.25,0.74
1045,0,1045,68.48,18,68.09,-27.02,-0.66,0.03,-0.73,0.3,0.6,-0.73,0.3,0.6
1046,0,1046,68.76,18,67.46,-34.35,-0.84,0.03,-1.07,0.49,0.58,-1.07,0.49,0.58
1047,0,1047,69.04,18,65.45,-30.01,-0.73,0.03,-0.92,0.44,0.56,-0.92,0.44,0.56
1048,0,1048,69.32,18,62.83,-25.68,-0.63,0.03,-0.76,0.36,0.54,-0.76,0.36,0.54
1049,0,1049,69.62,18,60.21,-15.56,-0.38,0.03,-0.29,0.07,0.55,-0.29,0.07,0.55
1050,0,1050,69.99,18,71.01,-7.09,-0.17,0.03,0.1,0.01,0.66,0.1,0.01,0.66
1051,0,1051,70.36,18,75.54,4.57,0.11,0.03,0.34,0.07,0.67,0.34,0.07,0.67
1052,0,1052,70.46,18,68.41,4.44,0.11,0.03,0.32,0.07,0.62,0.32,0.07,0.62
1053,0,1053,70.56,18,60.39,-3.88,-0.09,0.03,0.13,0.01,0.56,0.13,0.01,0.56
1054,0,1054,70.67,18,48.46,-11.61,-0.28,0.03,-0.1,0.01,0.49,-0.1,0.01,0.49
1055,0,1055,70.77,18,46.31,-15.21,-0.37,0.03,-0.25,0.08,0.44,-0.25,0.08,0.44
1056,0,1056,70.88,18,44.16,-18.81,-0.46,0.03,-0.31,0.13,0.42,-0.31,0.13,0.42
1081,0,1081,69.15,18,45.56,-22.84,-0.56,0.03,-0.57,0.4,0.37,-0.57,0.4,0.37
1082,0,1082,68.85,18,44.27,-20.16,-0.49,0.03,-0.55,0.35,0.4,-0.55,0.35,0.4
1083,0,1083,68.55,18,49.22,-20.39,-0.5,0.03,-0.56,0.2,0.59,-0.56,0.2,0.59
1084,0,1084,68.24,18,53.85,-20.62,-0.5,0.03,-0.54,0.16,0.65,-0.54,0.16,0.65
1085,0,1085,67.94,18,57.41,-21.31,-0.52,0.03,-0.68,0.19,0.74,-0.68,0.19,0.74
1086,0,1086,67.7,18,59.39,-24.98,-0.61,0.03,-0.57,0.17,0.68,-0.57,0.17,0.68
1087,0,1087,67.48,18,52.4,-22.55,-0.55,0.03,-0.58,0.2,0.61,-0.58,0.2,0.61
1088,0,1088,67.26,18,49.08,-20.09,-0.49,0.03,-0.6,0.24,0.57,-0.6,0.24,0.57
1089,0,1089,67.49,18,50.98,-21.19,-0.52,0.03,-0.68,0.31,0.54,-0.68,0.31,0.54
1090,0,1090,67.34,18,52.87,-22.28,-0.54,0.03,-0.5,0.2,0.53,-0.5,0.2,0.53
1091,0,1091,66.94,18,54.95,-23.53,-0.57,0.03,-0.65,0.32,0.5,-0.65,0.32,0.5
1092,0,1092,66.59,18,53.9,-22.67,-0.55,0.03,-0.69,0.35,0.5,-0.69,0.35,0.5
1093,0,1093,66.48,18,50.95,-15.8,-0.39,0.03,-0.61,0.3,0.49,-0.61,0.3,0.49
1094,0,1094,66.42,18,51.82,-11.83,-0.29,0.03,-0.58,0.26,0.52,-0.58,0.26,0.52
1095,0,1095,67.01,18,56.83,-21.26,-0.52,0.03,-0.59,0.23,0.56,-0.59,0.23,0.56
1096,0,1096,68.69,18,58.56,-24.1,-0.59,0.03,-0.6,0.21,0.62,-0.6,0.21,0.62
1097,0,1097,70.71,18,54.61,-16.93,-0.41,0.03,-0.59,0.24,0.56,-0.59,0.24,0.56
1098,0,1098,72.68,18,49.18,-12.48,-0.3,0.03,-0.44,0.17,0.51,-0.44,0.17,0.51
1099,0,1099,74.51,18,43.99,-10.68,-0.26,0.03,-0.35,0.14,0.47,-0.35,0.14,0.47
1100,0,1100,73.7,18,43.23,-8.85,-0.22,0.03,-0.37,0.16,0.46,-0.37,0.16,0.46
1101,0,1101,71.43,18,41.37,-7.87,-0.19,0.03,-0.25,0.09,0.41,-0.25,0.09,0.41
1102,0,1102,68.93,18,43.58,-27.01,-0.66,0.03,-0.89,0.52,0.45,-0.89,0.52,0.45
1103,0,1103,69.05,18,37.87,-22.28,-0.54,0.03,-0.7,0.5,0.37,-0.7,0.5,0.37
1104,0,1104,70.73,18,41.26,-9.96,-0.24,0.03,-0.46,0.2,0.49,-0.46,0.2,0.49
1280,0,1280,67.1,18,167.17,-134.85,-3.29,0.03,-4.78,0.86,1.04,-4.78,0.86,1.04
1281,0,1281,65.98,18,175.4,-135.55,-3.3,0.03,-4.92,0.84,1.14,-4.92,0.84,1.14
1406,0,1406,17.66,18,316.43,-191.74,-4.67,0.03,-7.85,0.77,2.29,-7.85,0.77,2.29
1407,0,1407,23.1,18,945.46,-124.8,-3.04,0.03,-14.58,0.34,10.81,-14.58,0.34,10.81
1408,0,1408,29.23,18,921.34,602.44,14.69,0.03,-9.3,0.09,15.57,-9.3,0.09,15.57
1409,0,1409,35.71,18,874.92,546.47,13.32,0.03,-9.18,0.1,14.47,-9.18,0.1,14.47
1410,0,1410,42.09,18,862.06,515.42,12.57,0.03,-4.82,0.03,13.74,-4.82,0.03,13.74
1411,0,1411,48.09,18,839.68,471.52,11.5,0.03,-4.93,0.04,13.29,-4.93,0.04,13.29
1412,0,1412,53.64,18,814.73,420.87,10.26,0.03,-4.99,0.04,12.85,-4.99,0.04,12.85
1413,0,1413,59.05,18,775.33,350.52,8.55,0.03,-1.47,0.01,10.97,-1.47,0.01,10.97
1414,0,1414,64.2,18,801.71,-136.58,-3.33,0.03,-5.6,0.08,10.35,-5.6,0.08,10.35
1415,0,1415,68.18,18,784.53,-171.59,-4.18,0.03,-6.51,0.11,9.97,-6.51,0.11,9.97
1416,0,1416,71.69,18,775.21,-211.89,-5.17,0.03,-7.06,0.13,9.49,-7.06,0.13,9.49
1417,0,1417,74.52,18,766.98,-256.34,-6.25,0.03,-7.55,0.16,9.01,-7.55,0.16,9.01
1418,0,1418,75.75,17,684.63,-78.95,-2.1,0.04,-4.75,0.07,9.78,-4.75,0.07,9.78
1419,0,1419,76.8,17,677.5,-70.58,-1.87,0.04,-2.99,0.03,9.18,-2.99,0.03,9.18
1420,0,1420,77.55,18,734.57,-198.74,-4.85,0.03,-3.12,0.04,8.31,-3.12,0.04,8.31
1421,0,1421,78.72,18,724.2,-157.47,-3.84,0.03,-2.1,0.02,8.47,-2.1,0.02,8.47
1422,0,1422,79.93,18,725.47,-159.2,-3.88,0.03,-0.97,0.0,8.69,-0.97,0.0,8.69
1423,0,1423,81.03,18,761.09,-171.73,-4.19,0.03,-0.08,0.0,8.85,-0.08,0.0,8.85
1424,0,1424,81.65,18,844.37,-187.24,-4.56,0.03,2.11,0.02,8.01,2.11,0.02,8.01
1425,0,1425,81.94,18,882.01,-196.93,-4.8,0.03,2.64,0.02,9.12,2.64,0.02,9.12
1426,0,1426,82.24,18,969.46,-203.26,-4.96,0.03,3.23,0.03,10.2,3.23,0.03,10.2
1427,0,1427,82.59,18,980.29,-201.53,-4.91,0.03,3.86,0.04,10.62,3.86,0.04,10.62
1453,0,1453,58.64,18,75.81,-46.33,-1.13,0.03,-1.27,0.41,0.81,-1.27,0.41,0.81
1454,0,1454,58.06,18,98.07,-83.41,-2.03,0.03,-1.85,0.59,0.82,-1.85,0.59,0.82
1455,0,1455,57.48,18,86.31,-71.58,-1.75,0.03,-1.59,0.59,0.69,-1.59,0.59,0.69
1456,0,1456,56.9,18,61.99,-43.23,-1.05,0.03,-1.02,0.44,0.61,-1.02,0.44,0.61
1457,0,1457,56.32,18,61.65,-35.37,-0.86,0.03,-0.94,0.36,0.67,-0.94,0.36,0.67
1458,0,1458,56.37,18,62.65,-45.87,-1.12,0.03,-1.08,0.43,0.66,-1.08,0.43,0.66
1459,0,1459,56.46,18,64.64,-50.93,-1.24,0.03,-1.12,0.45,0.66,-1.12,0.45,0.66
1460,0,1460,56.56,18,62.13,-51.14,-1.25,0.03,-1.1,0.46,0.63,-1.1,0.46,0.63
1461,0,1461,56.66,18,59.62,-51.95,-1.27,0.03,-1.08,0.46,0.62,-1.08,0.46,0.62
1462,0,1462,56.75,18,59.97,-55.07,-1.34,0.03,-1.11,0.46,0.63,-1.11,0.46,0.63
1463,0,1463,56.85,18,64.61,-59.69,-1.46,0.03,-1.17,0.46,0.67,-1.17,0.46,0.67
1464,0,1464,56.97,18,69.35,-64.31,-1.57,0.03,-1.23,0.45,0.72,-1.23,0.45,0.72
1465,0,1465,57.12,18,71.93,-67.33,-1.64,0.03,-1.26,0.43,0.77,-1.26,0.43,0.77
1466,0,1466,56.52,18,72.43,-67.72,-1.65,0.03,-1.24,0.39,0.82,-1.24,0.39,0.82
1467,0,1467,55.7,18,73.77,-68.11,-1.66,0.03,-1.23,0.37,0.85,-1.23,0.37,0.85
1468,0,1468,54.88,18,75.25,-68.51,-1.67,0.03,-1.27,0.39,0.84,-1.27,0.39,0.84
1469,0,1469,53.77,18,85.13,-78.5,-1.91,0.03,-1.5,0.44,0.89,-1.5,0.44,0.89
1470,0,1470,53.66,18,92.36,-87.36,-2.13,0.03,-1.71,0.48,0.95,-1.71,0.48,0.95
1471,0,1471,53.54,18,91.91,-86.8,-2.12,0.03,-1.73,0.49,0.94,-1.73,0.49,0.94
1472,0,1472,53.57,18,91.47,-86.24,-2.1,0.03,-1.76,0.49,0.94,-1.76,0.49,0.94
1473,0,1473,53.55,18,91.02,-85.69,-2.09,0.03,-1.8,0.5,0.95,-1.8,0.5,0.95
1474,0,1474,53.27,18,94.52,-88.76,-2.16,0.03,-1.93,0.54,0.95,-1.93,0.54,0.95
1475,0,1475,52.97,18,99.37,-94.1,-2.29,0.03,-2.06,0.56,0.97,-2.06,0.56,0.97
1476,0,1476,52.68,18,92.96,-88.89,-2.17,0.03,-2.0,0.56,0.94,-2.0,0.56,0.94
1477,0,1477,52.39,18,86.56,-82.49,-2.01,0.03,-1.91,0.55,0.91,-1.91,0.55,0.91
1478,0,1478,52.1,18,84.69,-76.09,-1.86,0.03,-1.82,0.54,0.88,-1.82,0.54,0.88
1479,0,1479,51.8,18,84.94,-68.44,-1.67,0.03,-1.69,0.52,0.86,-1.69,0.52,0.86
1480,0,1480,51.51,18,85.19,-56.53,-1.38,0.03,-1.47,0.46,0.85,-1.47,0.46,0.85
1481,0,1481,51.2,18,85.44,-44.62,-1.09,0.03,-1.24,0.38,0.85,-1.24,0.38,0.85
1482,0,1482,50.89,18,81.9,-44.25,-1.08,0.03,-1.22,0.39,0.81,-1.22,0.39,0.81
1483,0,1483,50.58,18,76.2,-41.99,-1.02,0.03,-1.14,0.4,0.74,-1.14,0.4,0.74
1484,0,1484,50.27,18,73.35,-34.39,-0.84,0.03,-0.96,0.36,0.67,-0.96,0.36,0.67
1485,0,1485,49.95,18,70.5,-25.85,-0.63,0.03,-0.73,0.28,0.61,-0.73,0.28,0.61
1486,0,1486,49.46,18,71.74,-29.34,-0.72,0.03,-0.59,0.21,0.61,-0.59,0.21,0.61
1487,0,1487,48.97,18,74.3,-32.84,-0.8,0.03,-0.56,0.18,0.63,-0.56,0.18,0.63
1488,0,1488,48.48,18,74.32,-33.79,-0.82,0.03,-0.61,0.21,0.63,-0.61,0.21,0.63
1489,0,1489,48.04,18,72.77,-33.17,-0.81,0.03,-0.65,0.23,0.62,-0.65,0.23,0.62
1490,0,1490,47.61,18,71.22,-32.54,-0.79,0.03,-0.68,0.25,0.62,-0.68,0.25,0.62
1491,0,1491,47.44,18,70.69,-31.91,-0.78,0.03,-0.72,0.27,0.62,-0.72,0.27,0.62
1492,0,1492,47.56,18,72.46,-30.95,-0.75,0.03,-0.75,0.29,0.63,-0.75,0.29,0.63
1493,0,1493,47.69,18,74.24,-29.74,-0.73,0.03,-0.78,0.29,0.64,-0.78,0.29,0.64
1494,0,1494,48.07,18,76.02,-28.53,-0.7,0.03,-0.8,0.3,0.65,-0.8,0.3,0.65
1495,0,1495,48.07,18,77.79,-28.41,-0.69,0.03,-0.84,0.31,0.66,-0.84,0.31,0.66
1496,0,1496,48.05,18,79.56,-35.5,-0.87,0.03,-0.97,0.37,0.67,-0.97,0.37,0.67
1497,0,1497,47.88,18,82.33,-36.61,-0.89,0.03,-1.03,0.38,0.7,-1.03,0.38,0.7
1498,0,1498,47.76,18,89.4,-29.68,-0.72,0.03,-1.06,0.36,0.75,-1.06,0.36,0.75
1499,0,1499,47.88,18,90.74,-22.75,-0.55,0.03,-1.0,0.34,0.74,-1.0,0.34,0.74
1500,0,1500,48.08,18,94.65,-15.81,-0.39,0.03,-0.94,0.3,0.76,-0.94,0.3,0.76
1525,0,1525,49.89,18,123.76,-0.22,-0.01,0.03,-0.99,0.16,1.2,-0.99,0.16,1.2
1526,0,1526,49.62,18,126.86,-0.14,0.0,0.03,-1.06,0.17,1.24,-1.06,0.17,1.24
1527,0,1527,49.35,18,129.96,-0.05,0.0,0.03,-1.12,0.18,1.28,-1.12,0.18,1.28
1528,0,1528,49.08,18,133.07,-4.01,-0.1,0.03,-1.24,0.21,1.29,-1.24,0.21,1.29
1529,0,1529,48.81,18,134.31,-1.91,-0.05,0.03,-1.24,0.21,1.29,-1.24,0.21,1.29
1530,0,1530,48.54,18,137.42,2.83,0.07,0.03,-1.19,0.19,1.29,-1.19,0.19,1.29
1531,0,1531,48.3,18,140.54,7.58,0.18,0.03,-1.14,0.18,1.3,-1.14,0.18,1.3
1532,0,1532,48.06,18,143.67,12.32,0.3,0.03,-1.09,0.16,1.33,-1.09,0.16,1.33
1533,0,1533,47.83,18,146.8,17.06,0.42,0.03,-1.02,0.14,1.36,-1.02,0.14,1.36
1534,0,1534,47.6,18,145.2,21.77,0.53,0.03,-0.88,0.1,1.38,-0.88,0.1,1.38
1535,0,1535,47.37,18,138.51,22.06,0.54,0.03,-0.75,0.08,1.33,-0.75,0.08,1.33
1536,0,1536,47.13,18,131.83,22.18,0.54,0.03,-0.63,0.06,1.29,-0.63,0.06,1.29
1537,0,1537,46.9,18,125.15,22.3,0.54,0.03,-0.5,0.04,1.25,-0.5,0.04,1.25
1538,0,1538,46.79,18,118.45,22.42,0.55,0.03,-0.4,0.03,1.18,-0.4,0.03,1.18
1539,0,1539,46.76,18,111.75,15.57,0.38,0.03,-0.45,0.05,1.07,-0.45,0.05,1.07
1540,0,1540,46.73,18,105.05,7.51,0.18,0.03,-0.52,0.08,0.97,-0.52,0.08,0.97
1541,0,1541,46.74,18,98.35,3.19,0.08,0.03,-0.53,0.09,0.89,-0.53,0.09,0.89
1542,0,1542,46.78,18,91.64,2.93,0.07,0.03,-0.46,0.08,0.82,-0.46,0.08,0.82
1543,0,1543,46.81,18,84.93,2.67,0.07,0.03,-0.38,0.06,0.77,-0.38,0.06,0.77
1544,0,1544,46.85,18,80.44,2.41,0.06,0.03,-0.28,0.04,0.73,-0.28,0.04,0.73
1545,0,1545,46.89,18,79.0,2.15,0.05,0.03,-0.19,0.02,0.69,-0.19,0.02,0.69
1546,0,1546,46.92,18,77.56,2.31,0.06,0.03,-0.08,0.0,0.66,-0.08,0.0,0.66
1547,0,1547,46.96,18,76.12,2.78,0.07,0.03,0.03,0.0,0.63,0.03,0.0,0.63
1548,0,1548,46.99,18,74.68,3.26,0.08,0.03,0.11,0.01,0.62,0.11,0.01,0.62
