box,transect,x_start,y_start,x_end,y_end,zone_dsas,slope_est,ci_lower,ci_upper,ci_width,hits_lower_bound,hits_upper_bound,poorly_constrained
Kribi_Z1,1,598273.9636225058,366990.9715204921,597860.8376272657,366895.63475235977,Zone 1 / Lokoundje,0.085,0.0675,0.1125,0.045,False,False,False
Kribi_Z1,2,598359.8875883371,366847.9663682936,597962.6510544524,366657.29283202894,Zone 1 / Lokoundje,0.09,0.0675,0.1475,0.08,False,False,False
Kribi_Z1,3,598455.2243564695,366625.5139093182,598105.6562066509,366450.7298344089,Zone 1 / Lokoundje,0.13,0.0825,0.3075,0.225,False,False,False
Kribi_Z1,4,598566.4505859572,366482.5087571197,598153.3245907171,366275.9457594996,Zone 1 / Lokoundje,0.245,0.1275,0.5,0.3725,False,True,True
Kribi_Z1,5,598693.5662768002,366260.0562981442,598328.1086656264,366101.16168459033,Zone 1 / Lokoundje,0.15,0.105,0.275,0.17,False,False,False
Kribi_Z1,6,598773.0135835772,366085.2722232349,598534.6716632464,365958.1565323919,Zone 1 / Lokoundje,0.12,0.085,0.2125,0.1275,False,False,False
Kribi_Z1,7,598884.2398130649,365974.0459937472,598566.4505859572,365767.4829961272,Zone 1 / Lokoundje,0.105,0.075,0.2,0.125,False,False,False
Kribi_Z1,8,598963.6871198419,365799.261918838,598757.1241222218,365719.81461206096,Zone 1 / Lokoundje,0.1,0.07,0.1725,0.1025,False,False,False
Kribi_Z1,9,599074.9133493296,365640.367305284,598788.9030449326,365576.8094598625,Zone 1 / Lokoundje,0.14,0.08,0.5,0.42,False,True,True
Kribi_Z1,10,599217.9185015281,365497.36215308553,598868.3503517095,365433.804307664,Zone 1 / Lokoundje,0.14,0.075,0.5,0.425,False,True,True
Kribi_Z1,11,599376.813115082,365243.1307713993,599011.355503908,365179.57292597776,Zone 1 / Lokoundje,0.155,0.0775,0.5,0.4225,False,True,True
Kribi_Z1,12,599376.813115082,365163.6834646224,599027.2449652634,365116.0150805562,Zone 1 / Lokoundje,0.18,0.075,0.5,0.425,False,True,True
Kribi_Z1,13,599456.260421859,364941.2310056469,599074.9133493296,364877.6731602254,Zone 1 / Lokoundje,0.5,0.0875,0.5,0.4125,False,True,True
Kribi_Z1,14,599535.7077286359,364814.1153148038,599138.4711947512,364750.55746938224,Zone 1 / Lokoundje,0.5,0.08,0.5,0.42,False,True,True
Kribi_Z1,15,599646.9339581237,364607.55231718376,599170.2501174619,364559.8839331176,Zone 1 / Lokoundje,0.5,0.065,0.5,0.435,False,True,True
Kribi_Z1,16,599774.0496489668,364400.98931956367,599440.3709605036,364337.4314741421,Zone 1 / Lokoundje,0.43,0.0725,0.5,0.4275,False,True,True
Kribi_Z1,17,599932.9442625206,364226.2052446544,599567.4866513467,364114.9790151667,Zone 1 / Lokoundje,0.485,0.0725,0.5,0.4275,False,True,True
Kribi_Z1,18,599996.5021079422,363924.305478902,599631.0444967683,363892.5265561912,Zone 1 / Lokoundje,0.5,0.0825,0.5,0.4175,False,True,True
Kribi_Z1,19,600075.9494147191,363685.9635585712,599615.1550354129,363654.1846358604,Zone 1 / Lokoundje,0.5,0.12,0.5,0.38,False,True,True
Kribi_Z1,20,600139.5072601407,363431.73217688495,599678.7128808344,363415.8427155296,Zone 1 / Lokoundje,0.095,0.0425,0.5,0.4575,False,True,True
Kribi_Z1,21,600155.3967214961,363177.5007951987,599853.4969557436,363098.0534884218,Zone 1 / Lokoundje,0.035,0.035,0.0825,0.0475,True,False,True
Kribi_Z1,22,600203.0651055622,362891.4904908017,599869.386417099,362843.8221067356,Zone 1 / Lokoundje,0.035,0.035,0.0525,0.0175,True,False,True
Kribi_Z1,23,600155.3967214961,362510.1434182724,599551.5971899913,362430.6961114954,Zone 1 / Lokoundje,0.255,0.035,0.5,0.465,True,True,True
Kribi_Z1,24,600044.1704920083,362192.3541911646,599662.8234194791,362112.90688438766,Zone 1 / Lokoundje,0.5,0.0725,0.5,0.4275,False,True,True
Kribi_Z1,25,600155.3967214961,361969.9017321891,599742.270726256,361906.3438867676,Zone 1 / Lokoundje,0.08,0.04,0.5,0.46,False,True,True
Kribi_Z1,26,600298.4018736946,361747.4492732137,599837.6074943882,361731.5598118583,Zone 1 / Lokoundje,0.5,0.0775,0.5,0.4225,False,True,True
Kribi_Z1,27,600377.8491804715,361588.5546596598,599964.7231852314,361477.32843017206,Zone 1 / Lokoundje,0.5,0.0975,0.5,0.4025,False,True,True
Kribi_Z1,28,600504.9648713146,361350.21273932897,600155.3967214961,361286.65489390737,Zone 1 / Lokoundje,0.1,0.05,0.5,0.45,False,True,True
Kribi_Z1,29,600632.0805621578,361175.4286644197,600203.0651055622,361111.8708189981,Zone 1 / Lokoundje,0.125,0.065,0.5,0.435,False,True,True
Kribi_Z1,30,600759.1962530009,360984.755128155,600393.7386418269,360794.0815918903,Zone 1 / Lokoundje,0.085,0.0525,0.24,0.1875,False,False,False
Kribi_Z1,31,600838.6435597779,360905.30782137805,600679.7489462239,360555.7396715595,Zone 1 / Lokoundje,0.5,0.0375,0.5,0.4625,False,True,True
Kribi_Z1,32,600981.6487119764,360984.755128155,601108.7644028194,360651.0764396918,Zone 1 / Lokoundje,0.5,0.3475,0.5,0.1525,False,True,True
Kribi_Z1,33,601108.7644028194,361095.98135764274,601506.0009367042,360952.9762054442,Zone 1 / Lokoundje,0.5,0.2475,0.5,0.2525,False,True,True
Kribi_Z1,34,601410.6641685718,361366.1022006843,601728.4533956796,360984.755128155,Zone 1 / Lokoundje,0.325,0.1825,0.5,0.3175,False,True,True
Kribi_Z1,35,601871.4585478781,361540.8862755936,601950.9058546551,360968.8656667996,Zone 1 / Lokoundje,0.305,0.205,0.5,0.295,False,True,True
Kribi_Z1,36,602078.0215454982,358728.45161568973,602062.1320841428,359062.1303041529,Zone 1 / Lokoundje,0.5,0.4,0.5,0.1,False,True,True
Kribi_Z1,37,601823.790163812,358760.23053840053,601839.6796251674,359205.1354563514,Zone 1 / Lokoundje,0.5,0.3875,0.5,0.1125,False,True,True
Kribi_Z1,38,601474.2220139934,358871.4567678882,601617.2271661919,359300.47222448373,Zone 1 / Lokoundje,0.5,0.405,0.5,0.095,False,True,True
Kribi_Z1,39,601219.9906323071,359046.2408427975,601394.7747072164,359395.8089926161,Zone 1 / Lokoundje,0.5,0.39,0.5,0.11,False,True,True
Kribi_Z1,40,601013.427634687,359205.1354563514,601124.6538641748,359522.9246834592,Zone 1 / Lokoundje,0.5,0.345,0.5,0.155,False,True,True
Kribi_Z1,41,600711.5278689347,359697.70875836845,600997.5381733318,359824.8244492116,Zone 1 / Lokoundje,0.5,0.385,0.5,0.115,False,True,True
Kribi_Z1,42,600632.0805621578,359936.05067869934,600743.3067916455,360190.2820603855,Zone 1 / Lokoundje,0.13,0.035,0.5,0.465,True,True,True
Kribi_Z1,43,600504.9648713146,360063.1663695424,600155.3967214961,360555.7396715595,Zone 1 / Lokoundje,0.035,0.035,0.045,0.01,True,False,True
Kribi_Z1,44,600552.6332553808,359983.7190627655,600250.7334896284,359983.7190627655,Zone 1 / Lokoundje,0.07,0.05,0.135,0.085,False,False,False
Kribi_Z1,45,600632.0805621578,359777.1560651454,600346.0702577607,359713.59821972385,Zone 1 / Lokoundje,0.09,0.0725,0.1325,0.06,False,False,False
Kribi_Z1,46,600775.0857143563,359522.9246834592,600473.1859486039,359507.0352221038,Zone 1 / Lokoundje,0.13,0.05,0.5,0.45,False,True,True
Kribi_Z1,47,600949.8697892656,359316.36168583913,600584.4121780916,359284.58276312833,Zone 1 / Lokoundje,0.045,0.035,0.095,0.06,True,False,True
Kribi_Z1,48,601156.4327868856,358998.57245873136,600759.1962530009,358982.682997376,Zone 1 / Lokoundje,0.095,0.06,0.2675,0.2075,False,False,False
Kribi_Z1,49,601251.7695550179,358807.8989224667,600886.311943844,358807.8989224667,Zone 1 / Lokoundje,0.095,0.0625,0.2,0.1375,False,False,False
Kribi_Z1,50,601362.9957845056,358649.0043089128,600902.2014051994,358585.44646349124,Zone 1 / Lokoundje,0.06,0.0475,0.09,0.0425,False,False,False
Kribi_Z1,51,601458.332552638,358458.3307726481,601013.427634687,358426.55184993736,Zone 1 / Lokoundje,0.065,0.05,0.1025,0.0525,False,False,False
Kribi_Z1,52,601601.3377048365,358283.5466977388,601156.4327868856,358267.6572363834,Zone 1 / Lokoundje,0.045,0.035,0.0575,0.0225,True,False,True
Kribi_Z1,53,601633.1166275473,358076.9837001188,601283.5484777287,358076.9837001188,Zone 1 / Lokoundje,0.065,0.05,0.1125,0.0625,False,False,False
Kribi_Z1,54,601696.6744729688,357918.0890865649,601331.2168617949,357886.3101638541,Zone 1 / Lokoundje,0.055,0.0425,0.08,0.0375,False,False,False
Kribi_Z1,55,601887.3480092335,357727.4155503002,601490.1114753488,357663.85770487867,Zone 1 / Lokoundje,0.065,0.045,0.1325,0.0875,False,False,False
Kribi_Z2,1,602093.7763457454,357055.65869645035,601731.0329836521,357124.75267018244,Zone 1 / Lokoundje,0.085,0.045,0.5,0.455,False,True,True
Kribi_Z2,2,602139.2194117202,356882.92376212013,601828.2965299258,356882.92376212013,Zone 1 / Lokoundje,0.195,0.0725,0.5,0.4275,False,True,True
Kribi_Z2,3,602277.4073591842,356710.18882779,601862.8435167917,356641.0948540579,Zone 1 / Lokoundje,0.08,0.0425,0.5,0.4575,False,True,True
Kribi_Z2,4,602346.5013329164,356520.1804000268,601897.3905036579,356468.35991972766,Zone 1 / Lokoundje,0.08,0.0375,0.5,0.4625,False,True,True
Kribi_Z2,5,602501.9627738135,356364.71895912953,602087.398931421,356295.62498539744,Zone 1 / Lokoundje,0.5,0.075,0.5,0.425,False,True,True
Kribi_Z2,6,602640.1507212777,356191.9840247993,602294.6808526174,356036.5225839022,Zone 1 / Lokoundje,0.04,0.035,0.315,0.28,True,False,True
Kribi_Z2,7,602761.0651753088,355984.7021036031,602363.7748263493,355915.608129871,Zone 1 / Lokoundje,0.145,0.0525,0.5,0.4475,False,True,True
Kribi_Z2,8,602951.0736030721,355621.95874150965,602778.3386687419,355501.0442874785,Zone 1 / Lokoundje,0.1,0.04,0.5,0.46,False,True,True
Kribi_Z2,9,603296.5434717324,355293.7623662823,603089.2615505361,355138.3009253851,Zone 1 / Lokoundje,0.09,0.0625,0.1725,0.11,False,False,False
Kribi_Z2,10,603590.1928600939,355086.480445086,603434.7314191967,354861.9250304568,Zone 1 / Lokoundje,0.5,0.035,0.5,0.465,True,True,True
Kribi_Z2,11,603883.8422484552,354844.6515370238,603590.1928600938,354637.3696158275,Zone 1 / Lokoundje,0.5,0.375,0.5,0.125,False,True,True
Kribi_Z2,12,604091.1241696514,354568.2756420954,603745.654300991,354378.26721433224,Zone 1 / Lokoundje,0.5,0.4125,0.5,0.0875,False,True,True
Kribi_Z2,13,604419.3205448787,354205.532280002,603987.4832090532,354188.258786569,Zone 1 / Lokoundje,0.5,0.3625,0.5,0.1375,False,True,True
Kribi_Z2,14,602519.2362672465,355449.2238071795,602329.2278394834,355915.608129871,Zone 1 / Lokoundje,0.035,0.035,0.5,0.465,True,True,True
Kribi_Z2,15,602657.4242147107,355190.12140568416,602346.5013329163,355190.12140568416,Zone 1 / Lokoundje,0.085,0.055,0.2075,0.1525,False,False,False
Kribi_Z2,16,602812.8856556079,354948.2924976219,602484.6892803805,354913.74551075586,Zone 1 / Lokoundje,0.065,0.05,0.0875,0.0375,False,False,False
Kribi_Z2,17,603020.1675768041,354689.1900961266,602640.1507212777,354671.9166026936,Zone 1 / Lokoundje,0.085,0.055,0.205,0.15,False,False,False
Kribi_Z2,18,603192.9025111344,354464.6346814973,602622.8772278447,354447.3611880644,Zone 1 / Lokoundje,0.045,0.04,0.0625,0.0225,False,False,False
Kribi_Z2,19,603192.9025111343,354205.532280002,602743.7916818758,354257.3527603011,Zone 1 / Lokoundje,0.05,0.04,0.0775,0.0375,False,False,False
Kribi_Z2,20,603279.2699782995,354050.0708391048,602933.8001096391,354015.5238522388,Zone 1 / Lokoundje,0.085,0.06,0.14,0.08,False,False,False
Kribi_Z2,21,603382.9109388975,353825.5154244756,602985.620589938,353790.96843760955,Zone 1 / Lokoundje,0.11,0.0775,0.1775,0.1,False,False,False
Kribi_Z2,22,603555.6458732279,353583.6865164133,603175.6290177014,353566.41302298027,Zone 1 / Lokoundje,0.07,0.0575,0.0925,0.035,False,False,False
Kribi_Z2,23,603607.4663535268,353255.49014118593,603210.1760045673,353272.7636346189,Zone 1 / Lokoundje,0.07,0.0575,0.0875,0.03,False,False,False
Kribi_Z2,24,603728.380807558,352927.2937659585,603400.1844323307,352927.2937659585,Zone 1 / Lokoundje,0.06,0.05,0.0675,0.0175,False,False,False
Kribi_Z2,25,603935.6627287541,352564.5504038651,603503.8253929287,352564.5504038651,Zone 1 / Lokoundje,0.07,0.06,0.08,0.02,False,False,False
Kribi_Z2,26,604056.5771827854,352305.4480023698,603607.4663535269,352270.90101550374,Zone 1 / Lokoundje,0.065,0.0575,0.0725,0.015,False,False,False
Kribi_Z2,27,604160.2181433834,352011.79861400847,603780.201287857,351977.2516271424,Zone 1 / Lokoundje,0.065,0.0575,0.0725,0.015,False,False,False
Kribi_Z2,28,604281.1325974147,351769.96970594616,603866.5687550221,351735.4227190801,Zone 1 / Lokoundje,0.065,0.0575,0.07,0.0125,False,False,False
Kribi_Z2,29,604350.2265711466,351579.961278183,603849.2952615891,351562.68778475,Zone 1 / Lokoundje,0.065,0.06,0.0775,0.0175,False,False,False
Kribi_Z2,30,604419.3205448788,351355.4058635537,604004.7567024863,351338.1323701207,Zone 1 / Lokoundje,0.05,0.0475,0.0575,0.01,False,False,False
Kribi_Z2,31,604522.9615054769,351027.20948832633,604073.8506762183,350992.6625014603,Zone 1 / Lokoundje,0.065,0.0625,0.0725,0.01,False,False,False
Kribi_Z2,32,604643.8759595081,350733.56009996496,604177.4916368165,350716.28660653194,Zone 1 / Lokoundje,0.055,0.05,0.0575,0.0075,False,False,False
Kribi_Z2,33,604695.6964398071,350457.18420503667,604281.1325974145,350457.18420503667,Zone 1 / Lokoundje,0.08,0.065,0.095,0.03,False,False,False
Kribi_Z2,34,604782.0639069723,350180.8083101083,604367.5000645798,350180.8083101083,Zone 1 / Lokoundje,0.06,0.0575,0.07,0.0125,False,False,False
Kribi_Z2,35,604833.8843872712,350008.07337577816,604384.7735580127,350008.0733757781,Zone 1 / Lokoundje,0.09,0.08,0.1025,0.0225,False,False,False
Kribi_Z2,36,604902.9783610033,349783.5179611489,604471.1410251779,349800.7914545819,Zone 1 / Lokoundje,0.07,0.065,0.0775,0.0125,False,False,False
Kribi_Z2,37,604954.7988413023,349593.50953338563,604505.6880120438,349576.2360399526,Zone 1 / Lokoundje,0.14,0.12,0.1775,0.0575,False,False,False
Kribi_Z2,38,605075.7132953336,349368.9541187564,604643.8759595081,349317.13363845734,Zone 1 / Lokoundje,0.065,0.06,0.08,0.02,False,False,False
Kribi_Z2,39,605162.0807624985,349023.484250096,604747.5169201061,349023.484250096,Zone 1 / Lokoundje,0.07,0.0625,0.085,0.0225,False,False,False
Kribi_Z2,40,605248.4482296638,348816.20232889976,604782.0639069723,348816.20232889976,Zone 1 / Lokoundje,0.09,0.0775,0.1075,0.03,False,False,False
Kribi_Z2,41,605334.8156968288,348608.9204077035,604885.7048675703,348591.6469142705,Zone 1 / Lokoundje,0.065,0.06,0.075,0.015,False,False,False
Kribi_Z2,42,605438.456657427,348384.3649930742,604989.3458281684,348384.3649930742,Zone 1 / Lokoundje,0.06,0.055,0.0725,0.0175,False,False,False
Kribi_Z2,43,605542.097618025,348142.536085012,605162.0807624985,348125.26259157894,Zone 1 / Lokoundje,0.065,0.06,0.0775,0.0175,False,False,False
Kribi_Z2,44,605593.9180983242,347900.70717694965,605231.1747362308,347883.43368351663,Zone 2 / Kribi II,0.09,0.0725,0.1175,0.045,False,False,False
Kribi_Z2,45,605732.1060457883,347693.42525575345,605300.2687099627,347572.5108017223,Zone 2 / Kribi II,0.08,0.0725,0.095,0.0225,False,False,False
Kribi_Z2,46,605922.1144735516,347417.0493608251,605455.73015086,347365.22888052603,Zone 2 / Kribi II,0.08,0.07,0.1,0.03,False,False,False
Kribi_Z2,47,606008.4819407165,347209.76743962883,605524.824124592,347192.4939461959,Zone 2 / Kribi II,0.06,0.0525,0.0675,0.015,False,False,False
Kribi_Z2,48,606077.5759144487,347002.48551843263,605697.5590589223,346985.2120249996,Zone 2 / Kribi II,0.07,0.06,0.0775,0.0175,False,False,False
Kribi_Z2,49,606188.4840459364,346898.8445578345,605722.0997232448,346881.5710644015,Zone 2 / Kribi II,0.07,0.065,0.08,0.015,False,False,False
Kribi_Z2,50,604464.7682880792,353842.7889179086,604102.0249259857,353790.96843760955,Zone 1 / Lokoundje,0.5,0.375,0.5,0.125,False,True,True
Kribi_Z3,1,606687.898574433,345858.3360403859,606232.1734317617,345837.6212611735,Zone 2 / Kribi II,0.055,0.05,0.0575,0.0075,False,False,False
Kribi_Z3,2,606772.9183032248,345609.7586898378,606400.0522774028,345526.89957298845,Zone 2 / Kribi II,0.095,0.085,0.1125,0.0275,False,False,False
Kribi_Z3,3,606917.9217577112,345361.18133928976,606503.6261734645,345319.75178086513,Zone 2 / Kribi II,0.085,0.075,0.1025,0.0275,False,False,False
Kribi_Z3,4,606980.0660953482,345133.3187679541,606545.0557318891,345112.60398874176,Zone 2 / Kribi II,0.075,0.0675,0.0825,0.015,False,False,False
Kribi_Z3,5,607125.0695498346,344988.3153134677,606690.0591863755,344946.88575504307,Zone 2 / Kribi II,0.135,0.1125,0.17,0.0575,False,False,False
Kribi_Z3,6,607145.784329047,344781.1675213444,606772.9183032248,344760.452742132,Zone 2 / Kribi II,0.05,0.045,0.0525,0.0075,False,False,False
Kribi_Z3,7,607290.7877835332,344553.30495000863,606897.2069784988,344511.875391584,Zone 2 / Kribi II,0.075,0.07,0.085,0.015,False,False,False
Kribi_Z3,8,607394.361679595,344346.15715788526,606897.2069784988,344304.72759946063,Zone 2 / Kribi II,0.105,0.0875,0.1275,0.04,False,False,False
Kribi_Z3,9,607518.650354869,344139.00936576194,607145.784329047,344097.57980733726,Zone 2 / Kribi II,0.09,0.08,0.1,0.02,False,False,False
Kribi_Z3,10,607622.2242509306,343931.86157363857,607166.4991082592,343890.4320152139,Zone 2 / Kribi II,0.17,0.1325,0.2475,0.115,False,False,False
Kribi_Z3,11,607787.9424846293,343703.9990023029,607311.5025627456,343683.2842230905,Zone 2 / Kribi II,0.095,0.08,0.1175,0.0375,False,False,False
Kribi_Z3,12,607912.2311599033,343538.28076860413,607352.9321211702,343476.13643096713,Zone 2 / Kribi II,0.075,0.07,0.0825,0.0125,False,False,False
Kribi_Z3,13,607953.6607183281,343268.98863884376,607456.506017232,343248.27385963144,Zone 2 / Kribi II,0.055,0.05,0.06,0.01,False,False,False
Kribi_Z3,14,608077.9493936021,343082.5556259328,607560.0799132936,342999.6965090834,Zone 2 / Kribi II,0.065,0.06,0.075,0.015,False,False,False
Kribi_Z3,15,608222.9528480885,342813.2634961724,607684.3685885677,342771.8339377477,Zone 2 / Kribi II,0.19,0.1475,0.27,0.1225,False,False,False
Kribi_Z3,16,608222.9528480885,342647.5452624737,607746.5129262047,342502.5418079873,Zone 2 / Kribi II,0.09,0.08,0.1,0.02,False,False,False
Kribi_Z3,17,608409.3858609995,342336.82357428863,607891.516380691,342295.39401586395,Zone 2 / Kribi II,0.06,0.05,0.0675,0.0175,False,False,False
Kribi_Z3,18,608430.1006402117,342129.67578216526,607932.9459391157,342108.96100295294,Zone 2 / Kribi II,0.05,0.0425,0.055,0.0125,False,False,False
Kribi_Z3,19,608554.3893154858,341860.3836524049,608057.2346143897,341839.66887319257,Zone 2 / Kribi II,0.09,0.08,0.105,0.025,False,False,False
Kribi_Z3,20,608637.2484323351,341591.0915226445,608140.0937312391,341591.0915226445,Zone 2 / Kribi II,0.1,0.0825,0.125,0.0425,False,False,False
Kribi_Z3,21,608595.8188739105,341342.5141720965,608160.8085104513,341342.5141720965,Zone 2 / Kribi II,0.085,0.065,0.1425,0.0775,False,False,False
Kribi_Z3,22,608575.1040946981,341073.2220423361,608140.0937312391,341156.08115918544,Zone 2 / Kribi II,0.205,0.14,0.385,0.245,False,False,False
Kribi_Z3,23,608409.3858609995,340907.50380863744,608057.2346143897,341135.3663799732,Zone 2 / Kribi II,0.5,0.3325,0.5,0.1675,False,True,True
Kribi_Z3,24,608222.9528480885,340721.0707957264,607870.8016014787,341114.6516007608,Zone 2 / Kribi II,0.09,0.07,0.1375,0.0675,False,False,False
Kribi_Z3,25,608015.8050559651,340658.9264580894,607684.3685885677,341073.2220423361,Zone 2 / Kribi II,0.5,0.285,0.5,0.215,False,True,True
Kribi_Z3,26,607891.516380691,340513.923003603,607539.3651340813,340824.64469178807,Zone 2 / Kribi II,0.135,0.0975,0.2325,0.135,False,False,False
Kribi_Z3,27,607725.7981469923,340368.9195491167,607415.0764588073,340596.7821204524,Zone 2 / Kribi II,0.215,0.1375,0.5,0.3625,False,True,True
Kribi_Z3,28,607497.9355756566,340203.201315418,607290.7877835332,340638.21167887707,Zone 2 / Kribi II,0.115,0.07,0.3075,0.2375,False,False,False
Kribi_Z3,29,607435.7912380196,340141.05697778094,607062.9252121976,340141.05697778094,Zone 2 / Kribi II,0.145,0.1175,0.1875,0.07,False,False,False
Kribi_Z3,30,607539.3651340813,339892.47962723294,606959.3513161358,339892.47962723294,Zone 2 / Kribi II,0.045,0.0425,0.0525,0.01,False,False,False
Kribi_Z3,31,607518.650354869,339726.76139353425,607104.3547706222,339706.0466143219,Zone 2 / Kribi II,0.045,0.0425,0.0525,0.01,False,False,False
Kribi_Z3,32,607663.6538093553,339540.3283806232,607145.784329047,339519.6136014109,Zone 2 / Kribi II,0.05,0.045,0.055,0.01,False,False,False
Kribi_Z3,33,607705.08336778,339333.1805884998,607125.0695498346,339271.0362508628,Zone 2 / Kribi II,0.085,0.0675,0.115,0.0475,False,False,False
Kribi_Z3,34,607787.9424846293,339146.7475755888,607311.5025627456,339084.6032379518,Zone 2 / Kribi II,0.09,0.0725,0.12,0.0475,False,False,False
Kribi_Z3,35,607850.0868222663,338877.45544582844,607352.9321211702,338877.45544582844,Zone 2 / Kribi II,0.065,0.0525,0.0825,0.03,False,False,False
Kribi_Z3,36,607808.6572638417,338670.30765370507,607332.217341958,338649.59287449275,Zone 2 / Kribi II,0.06,0.0525,0.0725,0.02,False,False,False
Kribi_Z3,37,607850.0868222663,338359.58596552,607435.7912380196,338483.87464079406,Zone 2 / Kribi II,0.075,0.0575,0.125,0.0675,False,False,False
Kribi_Z3,38,607767.227705417,338131.7233941843,607373.6469003826,338359.58596552,Zone 2 / Kribi II,0.33,0.17,0.5,0.33,False,True,True
Kribi_Z3,39,607580.794692506,337986.71993969794,607166.4991082592,338256.0120694583,Zone 2 / Kribi II,0.07,0.06,0.085,0.025,False,False,False
Kribi_Z3,40,607394.361679595,337800.28692678694,607187.2138874716,338152.4381733967,Zone 2 / Kribi II,0.085,0.065,0.14,0.075,False,False,False
Kribi_Z3,41,607228.6434458962,337675.99825151294,606959.3513161358,338048.864277335,Zone 2 / Kribi II,0.035,0.035,0.0375,0.0025,True,False,True
Kribi_Z3,42,607270.073004321,337572.42435545125,606897.2069784988,337675.99825151294,Zone 2 / Kribi II,0.125,0.0975,0.165,0.0675,False,False,False
Kribi_Z3,43,607332.217341958,337489.5652386019,606897.2069784988,337468.8504593896,Zone 2 / Kribi II,0.09,0.0775,0.11,0.0325,False,False,False
Kribi_Z3,44,607311.5025627456,337261.7026672662,606835.0626408618,337282.4174464785,Zone 2 / Kribi II,0.1,0.0825,0.13,0.0475,False,False,False
Kribi_Z3,45,607311.5025627456,337013.1253167181,606855.7774200742,337054.5548751428,Zone 2 / Kribi II,0.16,0.1175,0.2575,0.14,False,False,False
Kribi_Z3,46,607290.7877835332,336868.1218622318,606731.4887448002,336868.1218622318,Zone 2 / Kribi II,0.08,0.065,0.1075,0.0425,False,False,False
Kribi_Z3,47,607228.6434458962,336619.5445116837,606752.2035240125,336743.8331869577,Zone 2 / Kribi II,0.075,0.0625,0.1,0.0375,False,False,False
Kribi_Z3,48,607207.928666684,336433.11149877275,606793.6330824372,336495.2558364097,Zone 2 / Kribi II,0.06,0.0475,0.0825,0.035,False,False,False
Kribi_Z3,49,607187.2138874716,336225.9637066494,606731.4887448002,336288.1080442864,Zone 2 / Kribi II,0.09,0.07,0.125,0.055,False,False,False
Kribi_Z3,50,607249.3582251086,335998.1011353137,606772.9183032248,336039.5306937383,Zone 2 / Kribi II,0.085,0.0725,0.1075,0.035,False,False,False
Kribi_Z3,51,607207.928666684,335770.23856397794,606793.6330824372,335811.6681224026,Zone 2 / Kribi II,0.065,0.0525,0.095,0.0425,False,False,False
Kribi_Z3,52,607145.784329047,335563.0907718546,606690.0591863755,335708.09422634094,Zone 2 / Kribi II,0.17,0.1225,0.295,0.1725,False,False,False
Kribi_Z3,53,607083.6399914098,335376.6577589436,606669.3444071632,335583.80555106694,Zone 2 / Kribi II,0.185,0.1175,0.4175,0.3,False,False,False
Kribi_Z3,54,606980.0660953482,335252.3690836696,606503.6261734645,335355.94297973125,Zone 2 / Kribi II,0.105,0.075,0.17,0.095,False,False,False
Kribi_Z4,1,606791.8503061812,335009.1219626675,606573.1188097108,335282.53633325547,Zone 2 / Kribi II,0.04,0.035,0.12,0.085,True,False,True
Kribi_Z4,2,606747.766577072,334865.3736624198,606363.5973703358,335030.0176081639,Zone 2 / Kribi II,0.155,0.11,0.2575,0.1475,False,False,False
Kribi_Z4,3,606638.0039465759,334645.8484014277,606308.7160550877,334810.49234717176,Zone 2 / Kribi II,0.35,0.18,0.5,0.32,False,True,True
Kribi_Z4,4,606564.8288595786,334444.6169121849,606235.5409680904,334554.379542681,Zone 2 / Kribi II,0.115,0.0925,0.155,0.0625,False,False,False
Kribi_Z4,5,606638.0039465759,334261.67919469153,606198.9534245917,334353.1480534382,Zone 2 / Kribi II,0.1,0.0775,0.1425,0.065,False,False,False
Kribi_Z4,6,606638.0039465759,334078.7414771981,606162.3658810931,334133.6227924461,Zone 2 / Kribi II,0.085,0.0675,0.1125,0.045,False,False,False
Kribi_Z4,7,606455.0662290825,333877.50998795533,606180.6596528424,333932.39130320336,Zone 2 / Kribi II,0.14,0.0925,0.3175,0.225,False,False,False
Kribi_Z4,8,606345.3035985865,333639.6909552139,606089.1907940957,333749.45358571,Zone 2 / Kribi II,0.14,0.0975,0.265,0.1675,False,False,False
Kribi_Z4,9,606290.4222833385,333456.7532377205,605942.840620101,333603.10341171524,Zone 2 / Kribi II,0.295,0.1525,0.5,0.3475,False,True,True
Kribi_Z4,10,606162.3658810931,333292.10929197643,605869.6655331036,333438.4594659712,Zone 2 / Kribi II,0.135,0.09,0.2675,0.1775,False,False,False
Kribi_Z4,11,606125.7783375944,333109.171574483,605814.7842178555,333365.28437897377,Zone 2 / Kribi II,0.5,0.245,0.5,0.255,False,True,True
Kribi_Z4,12,606016.0157070983,332999.408943987,605613.5527286128,333218.93420497904,Zone 2 / Kribi II,0.5,0.1875,0.5,0.3125,False,True,True
Kribi_Z4,13,605979.4281635997,332853.0587699922,605650.1402721115,332981.1151722376,Zone 2 / Kribi II,0.15,0.085,0.5,0.415,False,True,True
Kribi_Z4,14,605906.2530766022,332651.82728074945,605595.2589568634,332834.7649982429,Zone 2 / Kribi II,0.085,0.065,0.12,0.055,False,False,False
Kribi_Z4,15,605796.4904461062,332523.7708785041,605467.2025546181,332743.29613949615,Zone 2 / Kribi II,0.5,0.325,0.5,0.175,False,True,True
Kribi_Z4,16,605595.2589568634,332414.00824800803,605467.2025546181,332688.4148242482,Zone 2 / Kribi II,0.5,0.37,0.5,0.13,False,True,True
Kribi_Z4,17,605448.9087828688,332322.53938926134,605320.8523806233,332670.1210524988,Zone 2 / Kribi II,0.26,0.1225,0.5,0.3775,False,True,True
Kribi_Z4,18,605229.3835218766,332359.12693276,605265.9710653754,332761.5899112455,Zone 2 / Kribi II,0.15,0.095,0.39,0.295,False,False,False
Kribi_Z4,19,605119.6208913806,332285.9518457626,605009.8582608845,332688.4148242482,Zone 2 / Kribi II,0.5,0.33,0.5,0.17,False,True,True
Kribi_Z4,20,604936.6831738872,332249.36430226394,604808.6267716418,332615.2397372508,Zone 2 / Kribi II,0.5,0.195,0.5,0.305,False,True,True
Kribi_Z4,21,604808.6267716418,332157.89544351725,604589.1015106497,332560.3584220028,Zone 2 / Kribi II,0.115,0.0775,0.2475,0.17,False,False,False
Kribi_Z4,22,604662.276597647,332084.72035651986,604461.0451084042,332487.18333500536,Zone 2 / Kribi II,0.08,0.06,0.1325,0.0725,False,False,False
Kribi_Z4,23,604497.632651903,331993.2514977732,604387.8700214069,332304.245617512,Zone 2 / Kribi II,0.5,0.185,0.5,0.315,False,True,True
Kribi_Z4,24,604387.8700214069,331993.2514977732,604204.9323039135,332322.53938926134,Zone 2 / Kribi II,0.5,0.3,0.5,0.2,False,True,True
Kribi_Z4,25,604332.9887061589,331846.90132377844,604058.5821299187,332121.3079000186,Zone 2 / Kribi II,0.085,0.065,0.1275,0.0625,False,False,False
Kribi_Z4,26,604259.8136191615,331737.1386932824,604076.8759016681,332029.8390412718,Zone 2 / Kribi II,0.5,0.2275,0.5,0.2725,False,True,True
Kribi_Z4,27,604131.7572169162,331663.96360628505,603967.113271172,331993.2514977732,Zone 2 / Kribi II,0.155,0.0825,0.5,0.4175,False,True,True
Kribi_Z4,28,604021.9945864201,331590.78851928766,603930.5257276734,331974.95772602386,Zone 2 / Kribi II,0.13,0.07,0.5,0.43,False,True,True
Kribi_Z4,29,603839.0568689267,331554.200975789,603839.0568689267,331993.2514977732,Zone 2 / Kribi II,0.16,0.0925,0.5,0.4075,False,True,True
Kribi_Z4,30,603692.706694932,331609.082291037,603784.1755536787,332029.8390412718,Zone 2 / Kribi II,0.17,0.1025,0.5,0.3975,False,True,True
Kribi_Z4,31,603674.4129231826,331572.4947475383,603418.3001186919,332048.1328130212,Zone 2 / Kribi II,0.5,0.215,0.5,0.285,False,True,True
Kribi_Z4,32,603637.8253796839,331481.0258887916,603308.5374881958,331682.25737803435,Zone 2 / Kribi II,0.065,0.055,0.0825,0.0275,False,False,False
Kribi_Z4,33,603619.5316079346,331352.96948654624,603198.7748576998,331535.9072040396,Zone 2 / Kribi II,0.105,0.085,0.15,0.065,False,False,False
Kribi_Z4,34,603528.0627491879,331243.2068560502,603125.5997707024,331444.43834529293,Zone 2 / Kribi II,0.16,0.105,0.36,0.255,False,False,False
Kribi_Z4,35,603436.5938904411,331041.9753668074,603180.4810859504,331352.96948654624,Zone 2 / Kribi II,0.085,0.06,0.145,0.085,False,False,False
Kribi_Z4,36,603180.4810859504,330987.0940515594,602979.2495967076,331389.5570300449,Zone 2 / Kribi II,0.04,0.035,0.05,0.015,True,False,True
Kribi_Z4,37,603107.3059989531,330932.21273631137,602759.7243357155,331279.79439954885,Zone 2 / Kribi II,0.08,0.07,0.1,0.03,False,False,False
Kribi_Z4,38,603034.1309119556,330840.7438775647,602668.2554769688,331041.9753668074,Zone 2 / Kribi II,0.5,0.4,0.5,0.1,False,True,True
Kribi_Z4,39,602997.543368457,330730.9812470686,602668.2554769688,330785.86256231664,Zone 2 / Kribi II,0.09,0.0725,0.1175,0.045,False,False,False
Kribi_Z4,40,603070.7184554543,330511.4559860765,602631.6679334701,330548.0435295752,Zone 2 / Kribi II,0.13,0.1,0.1925,0.0925,False,False,False
Kribi_Z4,41,603015.8371402064,330310.22449683375,602631.6679334701,330438.2808990792,Zone 2 / Kribi II,0.145,0.105,0.235,0.13,False,False,False
Kribi_Z4,42,602979.2495967076,330182.1680945884,602503.6115312248,330383.39958383114,Zone 2 / Kribi II,0.075,0.0625,0.0925,0.03,False,False,False
Kribi_Z4,43,602796.3118792142,329980.9366053456,602448.7302159767,330182.1680945884,Zone 2 / Kribi II,0.115,0.0875,0.1775,0.09,False,False,False
Kribi_Z4,44,602631.6679334701,329797.9988878522,602302.380041982,330054.11169234297,Zone 2 / Kribi II,0.125,0.1025,0.17,0.0675,False,False,False
Kribi_Z4,45,602467.0239877261,329706.5300291055,602210.9111832352,329926.0552900976,Zone 2 / Kribi II,0.095,0.075,0.1225,0.0475,False,False,False
Kribi_Z4,46,602320.6738137313,329523.59231161204,602101.1485527393,329907.76151834824,Zone 2 / Kribi II,0.19,0.1325,0.325,0.1925,False,False,False
Kribi_Z4,47,602119.4423244885,329505.29853986274,601881.6232917472,329871.1739748496,Zone 2 / Kribi II,0.5,0.2975,0.5,0.2025,False,True,True
Kribi_Z4,48,602101.1485527393,329340.65459411865,601716.979346003,329523.59231161204,Zone 2 / Kribi II,0.08,0.0675,0.0975,0.03,False,False,False
Kribi_Z4,49,602027.9734657418,329121.12933312653,601680.3918025044,329358.948365868,Zone 2 / Kribi II,0.115,0.0975,0.14,0.0425,False,False,False
Kribi_Z4,50,601918.2108352458,328938.19161563314,601625.5104872563,329267.47950712126,Zone 2 / Kribi II,0.065,0.0575,0.0775,0.02,False,False,False
Kribi_Z4,51,601771.8606612511,328901.6040721345,601479.1603132617,329139.4231048759,Zone 2 / Kribi II,0.185,0.125,0.3725,0.2475,False,False,False
Kribi_Z4,52,601716.979346003,328773.54766988906,601369.3976827656,328865.0165286357,Zone 2 / Kribi II,0.075,0.0675,0.085,0.0175,False,False,False
Kribi_Z4,53,601735.2731177524,328517.4348653983,601332.8101392669,328627.19749589433,Zone 2 / Kribi II,0.08,0.065,0.0975,0.0325,False,False,False
Kribi_Z4,54,601680.3918025044,328407.6722349022,601296.2225957682,328389.3784631529,Zone 2 / Kribi II,0.1,0.08,0.1275,0.0475,False,False,False
Kribi_Z4,55,601680.3918025044,328261.3220609075,601204.7537370215,328407.6722349022,Zone 2 / Kribi II,0.19,0.14,0.295,0.155,False,False,False
Kribi_Z4,56,601643.8042590057,328078.3843434141,601131.5786500241,328169.8532021608,Zone 2 / Kribi II,0.115,0.0925,0.155,0.0625,False,False,False
Kribi_Z4,57,601607.216715507,327932.0341694194,601131.5786500241,328005.2092564167,Zone 2 / Kribi II,0.1,0.0875,0.1225,0.035,False,False,False
Kribi_Z4,58,601534.0416285096,327785.6839954246,601131.5786500241,327895.44662592065,Zone 2 / Kribi II,0.105,0.08,0.1475,0.0675,False,False,False
Kribi_Z4,59,601570.6291720084,327621.04004968057,601040.1097912774,327694.2151366779,Zone 2 / Kribi II,0.095,0.0775,0.1225,0.045,False,False,False
Kribi_Z4,60,601460.8665415123,327456.3961039365,601021.8160195281,327602.7462779312,Zone 2 / Kribi II,0.105,0.0775,0.18,0.1025,False,False,False
Kribi_Z4,61,601387.6914545149,327310.04592994176,600985.2284760294,327401.51478868845,Zone 2 / Kribi II,0.07,0.065,0.0775,0.0125,False,False,False
Kribi_Z4,62,601405.9852262642,327090.52066894964,600948.6409325307,327218.577071195,Zone 2 / Kribi II,0.07,0.06,0.0775,0.0175,False,False,False
Kribi_Z4,63,601351.1039110163,326980.7580384536,600912.053389032,327053.933125451,Zone 2 / Kribi II,0.115,0.095,0.155,0.06,False,False,False
Kribi_Z4,64,601369.3976827656,326889.2891797069,600893.7596172827,326925.87672320555,Zone 2 / Kribi II,0.205,0.15,0.335,0.185,False,False,False
Kribi_Z4,65,601314.5163675175,326724.6452339628,600912.053389032,326742.93900571216,Zone 2 / Kribi II,0.175,0.135,0.2525,0.1175,False,False,False
Kribi_Z4,66,601369.3976827656,326560.0012882187,600857.172073784,326724.6452339628,Zone 2 / Kribi II,0.16,0.1225,0.225,0.1025,False,False,False
Kribi_Z4,67,601277.9288240189,326395.3573424747,600930.3471607814,326724.6452339628,Zone 2 / Kribi II,0.095,0.075,0.1225,0.0475,False,False,False
Kribi_Z4,68,601149.8724217735,326267.30094022927,600930.3471607814,326651.47014696547,Zone 2 / Kribi II,0.185,0.1175,0.435,0.3175,False,False,False
Kribi_Z4,69,600948.6409325307,326230.7133967306,600747.409443288,326560.0012882187,Zone 2 / Kribi II,0.5,0.36,0.5,0.14,False,True,True
Kribi_Z4,70,600930.3471607814,326102.6569944852,600601.0592692932,326267.30094022927,Zone 2 / Kribi II,0.1,0.085,0.1275,0.0425,False,False,False
Kribi_Z4,71,600930.3471607814,325992.8943639891,600527.8841822959,326011.1881357385,Zone 2 / Kribi II,0.14,0.1175,0.18,0.0625,False,False,False
Kribi_Z4,72,601003.5222477787,325883.1317334931,600509.5904105465,325864.83796174376,Zone 2 / Kribi II,0.31,0.21,0.5,0.29,False,True,True
Kribi_Z4,73,600948.6409325307,325700.1940159997,600473.0028670478,325700.1940159997,Zone 2 / Kribi II,0.09,0.08,0.105,0.025,False,False,False
Kribi_Z4,74,600930.3471607814,325553.8438420049,600473.0028670478,325535.5500702556,Zone 2 / Kribi II,0.145,0.1,0.2725,0.1725,False,False,False
Kribi_Z4,75,600985.2284760294,325352.6123527622,600582.7654975438,325462.37498325825,Zone 3 / Kribi I,0.07,0.06,0.0925,0.0325,False,False,False
Kribi_Z4,76,600527.8841822959,324803.799200282,600473.0028670478,325316.0248092636,Zone 3 / Kribi I,0.5,0.2425,0.5,0.2575,False,True,True
Kribi_Z4,77,600564.4717257946,324712.3303415353,600235.1838343064,325059.91200477275,Zone 3 / Kribi I,0.035,0.035,0.035,0.0,True,False,True
Kribi_Z4,78,600608.9887299453,324602.5677110392,600169.938207961,324748.91788503394,Zone 3 / Kribi I,0.065,0.06,0.075,0.015,False,False,False
Kribi_Z4,79,600649.5410037698,324511.09885229246,600192.1967100363,324565.9801675405,Zone 3 / Kribi I,0.095,0.08,0.1175,0.0375,False,False,False
Kribi_Z4,80,600612.9534602711,324364.74867829774,600173.902938287,324364.74867829774,Zone 3 / Kribi I,0.075,0.07,0.085,0.015,False,False,False
Kribi_Z5,1,600760.5767385392,324182.17298609833,600110.0326888737,324213.15127417765,Zone 3 / Kribi I,0.085,0.0725,0.1,0.0275,False,False,False
Kribi_Z5,2,600657.7670912535,323841.41181722604,599976.2447535088,323965.3249695432,Zone 3 / Kribi I,0.305,0.1975,0.5,0.3025,False,True,True
Kribi_Z5,3,600471.8973627777,323624.5638006709,599790.375025033,323717.4986649088,Zone 3 / Kribi I,0.08,0.065,0.0975,0.0325,False,False,False
Kribi_Z5,4,600347.9842104606,323345.75920795713,599728.4184488744,323407.7157841157,Zone 3 / Kribi I,0.5,0.4025,0.5,0.0975,False,True,True
Kribi_Z5,5,600286.0276343019,323128.911191402,599635.4835846365,323221.8460556399,Zone 3 / Kribi I,0.23,0.1625,0.4,0.2375,False,False,False
Kribi_Z5,6,600224.0710581433,322912.0631748469,599635.4835846365,323066.9546152434,Zone 3 / Kribi I,0.5,0.315,0.5,0.185,False,True,True
Kribi_Z5,7,600193.092770064,322726.19344637106,599542.5487203986,322819.12831060897,Zone 3 / Kribi I,0.5,0.415,0.5,0.085,False,True,True
Kribi_Z5,8,600162.1144819846,322509.34542981593,599573.527008478,322571.3020059745,Zone 3 / Kribi I,0.105,0.085,0.1325,0.0475,False,False,False
Kribi_Z5,9,600255.0493462225,322323.47570134007,599542.5487203986,322323.47570134007,Zone 3 / Kribi I,0.24,0.1625,0.4575,0.295,False,False,False
Kribi_Z5,10,600317.0059223812,322013.69282054703,599573.527008478,322013.69282054703,Zone 3 / Kribi I,0.065,0.0575,0.0775,0.02,False,False,False
Kribi_Z5,11,600347.9842104606,321734.8882278333,599759.3967369538,321672.9316516747,Zone 3 / Kribi I,0.3,0.1825,0.5,0.3175,False,True,True
Kribi_Z5,12,600440.9190746985,321394.12705896096,599728.4184488744,321518.0402112782,Zone 3 / Kribi I,0.11,0.08,0.1875,0.1075,False,False,False
Kribi_Z5,13,600502.875650857,321208.25733048515,599821.3533131123,321208.25733048515,Zone 3 / Kribi I,0.1,0.0825,0.13,0.0475,False,False,False
Kribi_Z5,14,600409.9407866191,320898.47444969206,599759.3967369538,320991.40931393,Zone 3 / Kribi I,0.25,0.135,0.5,0.365,False,True,True
Kribi_Z5,15,600347.9842104606,320681.626433137,599511.5704323193,320836.5178735335,Zone 3 / Kribi I,0.055,0.05,0.065,0.015,False,False,False
Kribi_Z5,16,600409.9407866191,320495.7567046611,599635.4835846365,320526.73499274044,Zone 3 / Kribi I,0.09,0.075,0.1125,0.0375,False,False,False
Kribi_Z5,17,600502.875650857,320216.9521119474,599697.4401607951,320278.908688106,Zone 3 / Kribi I,0.125,0.0925,0.2,0.1075,False,False,False
Kribi_Z5,18,600347.9842104606,319845.21265499573,599573.527008478,319876.19094307505,Zone 3 / Kribi I,0.43,0.2625,0.5,0.2375,False,True,True
Kribi_Z5,19,600193.092770064,319566.408062282,599480.5921442399,319659.3429265199,Zone 3 / Kribi I,0.47,0.185,0.5,0.315,False,True,True
Kribi_Z5,20,600131.1361939054,319225.64689340966,599418.6355680814,319349.5600457269,Zone 3 / Kribi I,0.085,0.0675,0.1225,0.055,False,False,False
Kribi_Z5,21,600038.2013296675,318822.92914837867,599325.7007038435,319163.690317251,Zone 3 / Kribi I,0.4,0.15,0.5,0.35,False,True,True
Kribi_Z5,22,599604.5052965572,318575.1028437443,599263.7441276849,319039.7771649338,Zone 3 / Kribi I,0.195,0.1075,0.5,0.3925,False,True,True
Kribi_Z5,23,599387.657280002,318513.14626758563,598953.9612468918,318884.8857245373,Zone 3 / Kribi I,0.095,0.0725,0.1375,0.065,False,False,False
Kribi_Z5,24,599356.6789919228,318265.31996295124,598861.0263826539,318420.2114033477,Zone 3 / Kribi I,0.07,0.06,0.08,0.02,False,False,False
Kribi_Z5,25,599294.7224157641,318017.4936583168,598644.1783660988,318110.4285225547,Zone 3 / Kribi I,0.19,0.145,0.2875,0.1425,False,False,False
Kribi_Z5,26,599294.7224157641,317769.66735368234,598706.1349422574,317831.623929841,Zone 3 / Kribi I,0.1,0.0825,0.125,0.0425,False,False,False
Kribi_Z5,27,599201.7875515262,317490.8627609686,598551.2435018609,317614.7759132858,Zone 3 / Kribi I,0.5,0.44,0.5,0.06,False,True,True
Kribi_Z5,28,599108.8526872883,317243.0364563342,598489.2869257022,317274.0147444135,Zone 3 / Kribi I,0.105,0.0875,0.135,0.0475,False,False,False
Kribi_Z5,29,599046.8961111298,316995.2101516997,598179.5040449091,317212.05816825485,Zone 3 / Kribi I,0.21,0.1725,0.2725,0.1,False,False,False
Kribi_Z5,30,598892.0046707332,316778.3621351446,598148.5257568299,316964.2318636204,Zone 3 / Kribi I,0.095,0.08,0.115,0.035,False,False,False
Kribi_Z5,31,598799.0698064953,316468.5792543516,598210.4823329885,316499.5575424309,Zone 3 / Kribi I,0.08,0.0675,0.095,0.0275,False,False,False
Kribi_Z5,32,598892.0046707332,316003.904933162,598117.5474687506,316127.8180854792,Zone 3 / Kribi I,0.095,0.0775,0.1275,0.05,False,False,False
Kribi_Z5,33,598922.9829588125,315725.10034044826,598148.5257568299,315756.0786285276,Zone 3 / Kribi I,0.08,0.07,0.1,0.03,False,False,False
Kribi_Z5,34,598799.0698064953,315508.25232389313,598024.6126045127,315539.2306119724,Zone 3 / Kribi I,0.11,0.0875,0.1425,0.055,False,False,False
Kribi_Z5,35,598830.0480945746,315198.4694431001,598055.590892592,315322.3825954173,Zone 3 / Kribi I,0.18,0.13,0.2975,0.1675,False,False,False
Kribi_Z5,36,598737.1132303367,314981.62142654497,597900.6994521954,315012.59971462423,Zone 3 / Kribi I,0.12,0.085,0.2125,0.1275,False,False,False
Kribi_Z5,37,598613.2000780194,314609.8819695933,597931.6777402748,314981.62142654497,Zone 3 / Kribi I,0.4,0.245,0.5,0.255,False,True,True
Kribi_Z5,38,598489.2869257022,314331.0773768796,597807.7645879575,314454.99052919674,Zone 3 / Kribi I,0.075,0.0675,0.08,0.0125,False,False,False
Kribi_Z5,39,598582.2217899401,314052.2727841658,597993.6343164333,314021.2944960865,Zone 3 / Kribi I,0.07,0.065,0.0825,0.0175,False,False,False
Kribi_Z5,40,598675.156654178,313804.4464795313,598024.6126045127,313649.55503913487,Zone 3 / Kribi I,0.07,0.065,0.0825,0.0175,False,False,False
Kribi_Z5,41,598737.1132303367,313370.7504464211,597962.6560283541,313308.7938702625,Zone 3 / Kribi I,0.07,0.065,0.0775,0.0125,False,False,False
Kribi_Z5,42,598768.091518416,312937.05441331083,598148.5257568299,312906.0761252316,Zone 3 / Kribi I,0.07,0.0625,0.08,0.0175,False,False,False
Kribi_Z5,43,598892.0046707332,312720.2063967557,598055.590892592,312689.22810867644,Zone 3 / Kribi I,0.08,0.07,0.09,0.02,False,False,False
Kribi_Z5,44,598984.9395349711,312348.4669398041,598179.5040449091,312317.4886517248,Zone 3 / Kribi I,0.055,0.05,0.06,0.01,False,False,False
Kribi_Z5,45,598984.9395349711,312069.6623470903,598365.3737733851,311976.7274828524,Zone 3 / Kribi I,0.065,0.0575,0.0775,0.02,False,False,False
Kribi_Z5,46,599232.7658396056,311759.8794662973,598427.3303495436,311697.9228901387,Zone 3 / Kribi I,0.08,0.0675,0.0975,0.03,False,False,False
Kribi_Z5,47,599263.7441276849,311543.0314497421,598489.2869257022,311450.09658550425,Zone 3 / Kribi I,0.08,0.065,0.115,0.05,False,False,False
Kribi_Z5,48,599356.6789919228,311202.2702808698,598737.1132303367,311202.2702808698,Zone 3 / Kribi I,0.07,0.055,0.0925,0.0375,False,False,False
Kribi_Z5,49,599480.5921442399,310954.44397623534,598644.1783660988,310830.5308239182,Zone 3 / Kribi I,0.085,0.065,0.115,0.05,False,False,False
Kribi_Z5,50,599480.5921442399,310675.63938352163,598892.0046707332,310675.63938352163,Zone 3 / Kribi I,0.12,0.09,0.1975,0.1075,False,False,False
Kribi_Z5,51,599728.4184488744,310396.8347908079,598953.9612468918,310303.89992656995,Zone 3 / Kribi I,0.095,0.0775,0.1225,0.045,False,False,False
Kribi_Z5,52,599728.4184488744,310056.0736219356,598830.0480945746,310087.0519100148,Zone 3 / Kribi I,0.185,0.11,0.5,0.39,False,True,True
Kribi_Z5,53,599821.3533131123,309684.3341649839,599046.8961111298,309870.2038934597,Zone 3 / Kribi I,0.13,0.0875,0.2375,0.15,False,False,False
Kribi_Z5,54,599635.4835846365,309405.52957227017,598953.9612468918,309777.2690292218,Zone 3 / Kribi I,0.155,0.11,0.29,0.18,False,False,False
Kribi_Z5,55,599356.6789919228,309312.5947080322,598861.0263826539,309591.399300746,Zone 3 / Kribi I,0.46,0.2225,0.5,0.2775,False,True,True
Kribi_Z5,56,599139.8309753677,309126.7249795564,598706.1349422574,309405.52957227017,Zone 3 / Kribi I,0.105,0.08,0.155,0.075,False,False,False
Kribi_Z5,57,599015.9178230504,308940.8552510806,598427.3303495436,309126.7249795564,Zone 3 / Kribi I,0.05,0.045,0.06,0.015,False,False,False
Kribi_Z5,58,599046.8961111298,308662.0506583668,598396.3520614643,308909.87696300127,Zone 3 / Kribi I,0.5,0.33,0.5,0.17,False,True,True
Kribi_Z5,59,599015.9178230504,308445.2026418117,598396.3520614643,308600.09408220823,Zone 3 / Kribi I,0.055,0.045,0.065,0.02,False,False,False
Kribi_Z5,60,599077.874399209,308228.35462525656,598241.4606210678,308383.2460656531,Zone 3 / Kribi I,0.11,0.09,0.1525,0.0625,False,False,False
Kribi_Z5,61,598768.091518416,308011.5066087014,598179.5040449091,308228.35462525656,Zone 3 / Kribi I,0.105,0.0875,0.13,0.0425,False,False,False
Kribi_Z5,62,598706.1349422574,307825.6368802256,598117.5474687506,308104.4414729394,Zone 3 / Kribi I,0.13,0.1,0.1925,0.0925,False,False,False
Kribi_Z5,63,598613.2000780194,307670.7454398292,597931.6777402748,307763.68030406703,Zone 3 / Kribi I,0.08,0.07,0.0925,0.0225,False,False,False
Kribi_Z5,64,598675.156654178,307453.89742327394,597900.6994521954,307577.8105755912,Zone 3 / Kribi I,0.04,0.04,0.0425,0.0025,False,False,False
Kribi_Z5,65,598458.308637623,307268.02769479813,597776.7862998783,307391.94084711536,Zone 3 / Kribi I,0.04,0.04,0.0425,0.0025,False,False,False
Kribi_Z5,66,598489.2869257022,307113.13625440164,597497.9817071646,307329.9842709568,Zone 3 / Kribi I,0.085,0.07,0.115,0.045,False,False,False
Kribi_Z5,67,598272.4389091472,306865.3099497672,597683.8514356404,307020.2013901637,Zone 3 / Kribi I,0.06,0.055,0.0675,0.0125,False,False,False
Kribi_Z5,68,598210.4823329885,306679.4402212914,597528.9599952438,306834.3316616879,Zone 3 / Kribi I,0.045,0.045,0.0475,0.0025,False,False,False
Kribi_Z5,69,598086.5691806712,306369.6573404983,597436.0251310059,306586.5053570534,Zone 3 / Kribi I,0.045,0.04,0.0475,0.0075,False,False,False
Kribi_Z5,70,597928.4403057777,306090.8527477846,597246.917968033,306214.7659001018,Zone 3 / Kribi I,0.095,0.0825,0.115,0.0325,False,False,False
Kribi_Z5,71,597895.8433004498,305874.00473122945,597121.3860984672,305935.96130738803,Zone 3 / Kribi I,0.125,0.1,0.165,0.065,False,False,False
Kribi_Z6,1,597770.1383175348,305835.7342542682,597253.8169944594,305835.7342542682,Zone 3 / Kribi I,0.05,0.045,0.055,0.01,False,False,False
Kribi_Z6,2,597817.0766196325,305554.1044416816,597347.6935986549,305507.1661395838,Zone 3 / Kribi I,0.135,0.1075,0.1775,0.07,False,False,False
Kribi_Z6,3,597887.4840727792,305342.88208224165,597511.977655997,305249.00547804614,Zone 3 / Kribi I,0.09,0.0725,0.1175,0.045,False,False,False
Kribi_Z6,4,597981.3606769748,305131.6597228017,597511.977655997,305084.721420704,Zone 3 / Kribi I,0.05,0.045,0.055,0.01,False,False,False
Kribi_Z6,5,598025.7910154621,304896.9682123129,597579.8771455333,304779.62245706853,Zone 4 / Campo,0.075,0.06,0.0975,0.0375,False,False,False
Kribi_Z6,6,598048.0061847058,304591.86924867745,597531.6848616303,304638.80755077524,Zone 4 / Campo,0.15,0.1225,0.205,0.0825,False,False,False
Kribi_Z6,7,597965.2371651321,304380.6468892375,597425.4466910078,304474.523493433,Zone 4 / Campo,0.075,0.065,0.0875,0.0225,False,False,False
Kribi_Z6,8,597894.8297119854,304169.4245297976,597355.0392378612,304357.17773818865,Zone 4 / Campo,0.1,0.08,0.1425,0.0625,False,False,False
Kribi_Z6,9,597683.6073525455,303958.2021703577,597237.6934826168,304192.8936808465,Zone 4 / Campo,0.035,0.035,0.035,0.0,True,False,True
Kribi_Z6,10,597636.6690504478,303770.4489619666,597167.2860294702,303911.2638682599,Zone 4 / Campo,0.055,0.04,0.08,0.04,False,False,False
Kribi_Z6,11,597730.5456546432,303582.6957535756,597331.5700868123,303629.6340556733,Zone 4 / Campo,0.13,0.0875,0.26,0.1725,False,False,False
Kribi_Z6,12,597777.483956741,303441.8808472823,597214.2243315679,303488.81914938,Zone 4 / Campo,0.105,0.075,0.17,0.095,False,False,False
Kribi_Z6,13,597800.9531077899,303254.1276388912,597120.3477273723,303254.1276388912,Zone 4 / Campo,0.195,0.12,0.5,0.38,False,True,True
Kribi_Z6,14,597777.483956741,302949.0286752558,597143.8168784212,302995.9669773536,Zone 4 / Campo,0.07,0.05,0.135,0.085,False,False,False
Kribi_Z6,15,597683.6073525455,302690.8680137181,597120.3477273723,302761.27546686475,Zone 4 / Campo,0.065,0.05,0.1025,0.0525,False,False,False
Kribi_Z6,16,597613.1998993988,302385.76905008266,597120.3477273723,302573.5222584737,Zone 4 / Campo,0.055,0.0475,0.065,0.0175,False,False,False
Kribi_Z6,17,597331.5700868123,302151.07753959385,596956.0636700302,302456.1765032293,Zone 4 / Campo,0.04,0.0375,0.0475,0.01,False,False,False
Kribi_Z6,18,597190.755180519,301963.3243312028,596744.8413105903,302127.60838854493,Zone 4 / Campo,0.09,0.075,0.11,0.035,False,False,False
Kribi_Z6,19,597096.8785763235,301634.75621651846,596486.6806490526,301869.44772700727,Zone 4 / Campo,0.055,0.045,0.0725,0.0275,False,False,False
Kribi_Z6,20,596791.779612688,301447.0030081274,596298.9274406615,301752.10197176284,Zone 4 / Campo,0.08,0.065,0.0975,0.0325,False,False,False
Kribi_Z6,21,596604.026404297,301165.3731955408,596275.4582896127,301564.3487633718,Zone 4 / Campo,0.06,0.0475,0.0775,0.03,False,False,False
Kribi_Z6,22,595806.0752686351,301188.8423465897,595383.6305497552,301634.75621651846,Zone 4 / Campo,0.5,0.305,0.5,0.195,False,True,True
Kribi_Z6,23,595782.6061175861,300695.9901745632,595289.7539455596,300860.2742319053,Zone 4 / Campo,0.5,0.1325,0.5,0.3675,False,True,True
Kribi_Z6,24,595853.0135707328,300578.6444193188,595360.1613987063,300531.70611722104,Zone 4 / Campo,0.08,0.06,0.135,0.075,False,False,False
Kribi_Z6,25,595853.0135707328,300367.4220598789,595289.7539455596,300367.4220598789,Zone 4 / Campo,0.07,0.0525,0.1025,0.05,False,False,False
Kribi_Z6,26,595946.8901749284,300132.7305493901,595336.6922476573,300085.7922472923,Zone 4 / Campo,0.05,0.04,0.07,0.03,False,False,False
Kribi_Z6,27,595993.8284770261,299968.44649204786,595242.8156434619,299944.977340999,Zone 4 / Campo,0.06,0.0475,0.08,0.0325,False,False,False
Kribi_Z6,28,596017.2976280749,299639.87837736355,595430.5688518529,299686.81667946134,Zone 4 / Campo,0.235,0.0875,0.5,0.4125,False,True,True
Kribi_Z6,29,596064.2359301727,299405.18686687475,595430.5688518529,299499.06347107026,Zone 4 / Campo,0.055,0.04,0.095,0.055,False,False,False
Kribi_Z6,30,596064.2359301727,299240.9028095326,595454.0380029018,299240.9028095326,Zone 4 / Campo,0.12,0.0725,0.4425,0.37,False,False,False
Kribi_Z6,31,596040.7667791238,298935.80384589714,595477.5071539506,299053.1496011415,Zone 4 / Campo,0.085,0.055,0.19,0.135,False,False,False
Kribi_Z6,32,596040.7667791238,298724.5814864572,595524.4454560485,298794.98893960385,Zone 4 / Campo,0.06,0.05,0.0775,0.0275,False,False,False
Kribi_Z6,33,595993.8284770261,298419.4825228217,595454.0380029018,298560.29742911505,Zone 4 / Campo,0.08,0.065,0.1075,0.0425,False,False,False
Kribi_Z6,34,595899.9518728305,298137.8527102352,595407.099700804,298278.66761652846,Zone 4 / Campo,0.05,0.0425,0.0625,0.02,False,False,False
Kribi_Z6,35,595712.1986644395,297879.6920486975,595313.2230966085,298043.97610603966,Zone 4 / Campo,0.065,0.05,0.0925,0.0425,False,False,False
Kribi_Z6,36,595571.3837581462,297691.9388403064,595125.4698882175,297856.2228976486,Zone 4 / Campo,0.045,0.035,0.075,0.04,True,False,True
Kribi_Z6,37,595477.5071539506,297504.1856319154,595055.0624350709,297785.81544450193,Zone 4 / Campo,0.055,0.04,0.0875,0.0475,False,False,False
Kribi_Z6,38,595336.6922476573,297339.90157457325,594914.2475287776,297598.0622361109,Zone 4 / Campo,0.065,0.055,0.08,0.025,False,False,False
Kribi_Z6,39,595266.2847945108,297105.2100640844,594773.4326224843,297316.4324235243,Zone 4 / Campo,0.27,0.1525,0.5,0.3475,False,True,True
Kribi_Z6,40,595102.0007371686,296893.9877046445,594679.5560182887,297175.61751723103,Zone 4 / Campo,0.075,0.06,0.1075,0.0475,False,False,False
Kribi_Z6,41,594914.2475287776,296682.76534520456,594397.9262057021,297034.80261093774,Zone 4 / Campo,0.285,0.1925,0.5,0.3075,False,True,True
Kribi_Z6,42,594820.370924582,296518.4812878624,594444.8645078,296729.7036473023,Zone 4 / Campo,0.1,0.08,0.1275,0.0475,False,False,False
Kribi_Z6,43,594749.9634714354,296283.78977737355,594327.5187525555,296424.60468366684,Zone 4 / Campo,0.235,0.1425,0.5,0.3575,False,True,True
Kribi_Z6,44,594703.0251693376,296049.09826688474,594139.7655441645,296142.9748710803,Zone 4 / Campo,0.035,0.035,0.04,0.005,True,False,True
Kribi_Z6,45,594703.0251693376,295790.9376053471,594045.8889399689,295837.8759074448,Zone 4 / Campo,0.5,0.34,0.5,0.16,False,True,True
Kribi_Z6,46,594585.6794140933,295509.3077927605,593905.0740336756,295650.1226990538,Zone 4 / Campo,0.14,0.1,0.2425,0.1425,False,False,False
Kribi_Z6,47,594444.8645078,295274.6162822717,593952.0123357734,295298.0854333205,Zone 4 / Campo,0.135,0.1025,0.21,0.1075,False,False,False
Kribi_Z6,48,594491.8028098977,295039.9247717829,593952.0123357734,295086.8630738806,Zone 4 / Campo,0.175,0.125,0.285,0.16,False,False,False
Kribi_Z6,49,594491.8028098977,294828.70241234294,593952.0123357734,294828.70241234294,Zone 4 / Campo,0.14,0.11,0.205,0.095,False,False,False
Kribi_Z6,50,594491.8028098977,294594.01090185414,593928.5431847245,294617.480052903,Zone 4 / Campo,0.09,0.0775,0.1175,0.04,False,False,False
Kribi_Z6,51,594421.395356751,294335.8502403165,593905.0740336756,294406.25769346306,Zone 4 / Campo,0.055,0.05,0.06,0.01,False,False,False
Kribi_Z6,52,594491.8028098977,294124.62788087653,593905.0740336756,294171.56618297426,Zone 4 / Campo,0.065,0.055,0.08,0.025,False,False,False
Kribi_Z6,53,594397.9262057021,293889.93637038773,593858.1357315779,293983.81297458324,Zone 4 / Campo,0.115,0.0875,0.18,0.0925,False,False,False
Kribi_Z6,54,594397.9262057021,293678.7140109478,593858.1357315779,293772.5906151433,Zone 4 / Campo,0.105,0.08,0.1475,0.0675,False,False,False
Kribi_Z6,55,594304.0496015067,293467.49165150785,593834.666580529,293631.77570885,Zone 4 / Campo,0.11,0.0825,0.16,0.0775,False,False,False
Kribi_Z6,56,594350.9879036044,293209.3309899701,593693.8516742358,293373.61504731234,Zone 4 / Campo,0.08,0.06,0.115,0.055,False,False,False
Kribi_Z6,57,594139.7655441645,292998.10863053025,593717.3208252846,293209.3309899701,Zone 4 / Campo,0.145,0.075,0.5,0.425,False,True,True
Kribi_Z6,58,594022.4197889201,292763.41712004144,593576.5059189913,292857.2937242369,Zone 4 / Campo,0.055,0.0475,0.07,0.0225,False,False,False
Kribi_Z6,59,594010.6727484157,292528.7256095526,593494.3514253403,292552.1947606015,Zone 4 / Campo,0.05,0.04,0.065,0.025,False,False,False
Kribi_Z6,60,594016.5338036879,292200.15749486827,593406.335876417,292247.09579696605,Zone 4 / Campo,0.165,0.105,0.415,0.31,False,False,False
Kribi_Z6,61,594019.4643313241,291965.46598437947,593385.7972530044,291988.9351354283,Zone 4 / Campo,0.075,0.06,0.105,0.045,False,False,False
Parc_1,1,591811.141829045,259997.26255856748,591278.0432927881,259789.94646113424,Zone 4 / Campo,0.085,0.07,0.1025,0.0325,False,False,False
Parc_1,2,591870.3749997402,260382.2781680864,591070.7271953549,260234.19524134832,Zone 4 / Campo,0.085,0.07,0.11,0.04,False,False,False
Parc_1,3,591781.5252436973,260796.91036295285,591070.7271953549,260737.67719225763,Zone 4 / Campo,0.07,0.055,0.0975,0.0425,False,False,False
Parc_1,4,591692.6754876545,261241.1591431669,590952.2608539644,261211.5425578193,Zone 4 / Campo,0.05,0.0425,0.0675,0.025,False,False,False
Parc_1,5,591633.4423169594,261655.7913380334,590981.877439312,261626.17475268577,Zone 4 / Campo,0.035,0.035,0.035,0.0,True,False,True
Parc_1,6,591751.9086583498,261892.72402081423,591070.7271953549,262129.65670359507,Zone 4 / Campo,0.065,0.06,0.0775,0.0175,False,False,False
Parc_1,7,591959.224755783,262336.9728010283,591159.5769513977,262396.2059717235,Zone 4 / Campo,0.09,0.07,0.135,0.065,False,False,False
Parc_1,8,591929.6081704354,262870.0713372852,591307.6598781357,262810.83816659,Zone 4 / Campo,0.085,0.0675,0.125,0.0575,False,False,False
Parc_1,9,591899.9915850877,263343.9367028469,591159.5769513977,263284.70353215165,Zone 4 / Campo,0.06,0.0475,0.08,0.0325,False,False,False
Parc_1,10,591840.7584143926,263788.1854830609,591159.5769513977,263788.1854830609,Zone 4 / Campo,0.07,0.055,0.1,0.045,False,False,False
Parc_1,11,591781.5252436973,264291.66743397026,591189.1935367453,264262.05084862263,Zone 4 / Campo,0.045,0.04,0.055,0.015,False,False,False
Parc_1,12,591899.9915850877,264854.3825555748,591011.4940246596,264795.1493848795,Zone 4 / Campo,0.115,0.0875,0.185,0.0975,False,False,False
Parc_1,13,591988.8413411306,265269.0147504412,590981.877439312,265150.5484090508,Zone 4 / Campo,0.095,0.08,0.1275,0.0475,False,False,False
Parc_1,14,591840.7584143926,265802.1132866981,591129.96036605,265802.1132866981,Zone 4 / Campo,0.155,0.1,0.3625,0.2625,False,False,False
Parc_1,15,591811.141829045,266275.9786522598,591011.4940246596,266187.128896217,Zone 4 / Campo,0.19,0.105,0.5,0.395,False,True,True
Parc_1,16,591663.058902307,266690.6108471262,590981.877439312,266660.99426177866,Zone 4 / Campo,0.14,0.0825,0.4975,0.415,False,False,False
Parc_1,17,591396.5096341785,267312.559139426,590863.4110979217,267223.7093833832,Zone 4 / Campo,0.115,0.08,0.2275,0.1475,False,False,False
Parc_1,18,591544.5925609166,267608.724992902,590804.1779272264,267638.34157824964,Zone 4 / Campo,0.105,0.0725,0.1975,0.125,False,False,False
Parc_1,19,591455.7428048737,268082.5903584637,590774.5613418788,268171.4401145065,Zone 4 / Campo,0.09,0.0625,0.1675,0.105,False,False,False
Parc_1,20,591719.5727439417,268349.13962659216,590919.9249395563,268704.5386507634,Zone 4 / Campo,0.065,0.0575,0.075,0.0175,False,False,False
Parc_1,21,592074.9717681129,268763.7718214586,591393.790305118,269059.9376749347,Zone 4 / Campo,0.19,0.1025,0.5,0.3975,False,True,True
Parc_1,22,592252.6712801985,269237.6371870203,591512.2566465084,269385.72011375835,Zone 4 / Campo,0.13,0.09,0.2475,0.1575,False,False,False
Parc_1,23,592409.1066763405,269770.7357232772,591609.4588719552,269889.2020646676,Zone 4 / Campo,0.245,0.1075,0.5,0.3925,False,True,True
Parc_1,24,592220.775106283,270422.30060092453,591539.5936432881,270422.30060092453,Zone 4 / Campo,0.145,0.08,0.5,0.42,False,True,True
Parc_1,25,592309.6248623258,271014.6323078766,591598.8268139834,270925.7825518338,Zone 4 / Campo,0.08,0.055,0.145,0.09,False,False,False
Parc_1,26,592220.775106283,271399.64791739546,591450.7438872453,271399.64791739546,Zone 4 / Campo,0.085,0.06,0.1625,0.1025,False,False,False
Parc_1,27,592072.6921795451,271903.1298683048,591480.3604725929,271814.28011226194,Zone 4 / Campo,0.065,0.05,0.095,0.045,False,False,False
Parc_1,28,592043.0755941974,272317.76206317125,591273.0443751597,272199.2957217808,Zone 4 / Campo,0.06,0.0525,0.0675,0.015,False,False,False
Parc_1,29,591924.609252807,272554.6947459521,591095.344863074,272465.84498990927,Zone 4 / Campo,0.045,0.04,0.05,0.01,False,False,False
Parc_1,30,592131.9253502402,273058.17669686134,591332.2775458549,273087.79328220896,Zone 4 / Campo,0.045,0.04,0.0475,0.0075,False,False,False
Parc_1,31,592072.6921795451,273472.8088917278,591213.8112044645,273561.65864777064,Zone 4 / Campo,0.05,0.045,0.0575,0.0125,False,False,False
Parc_1,32,591983.8424235022,273917.05767194193,591273.0443751597,273887.4410865943,Zone 4 / Campo,0.08,0.0675,0.0925,0.025,False,False,False
Parc_1,33,591954.2258381546,274331.6898668084,591124.9614484217,274302.0732814608,Zone 4 / Campo,0.055,0.0475,0.0625,0.015,False,False,False
Parc_1,34,591776.5263260689,274716.7054763272,591154.5780337693,274687.08889097965,Zone 4 / Campo,0.045,0.045,0.0525,0.0075,False,False,False
Parc_1,35,591658.0599846785,275131.3376711937,590947.261936336,275131.3376711937,Zone 4 / Campo,0.085,0.0725,0.1025,0.03,False,False,False
Parc_1,36,591598.8268139834,275694.0527927982,590917.6453509884,275664.43620745064,Zone 4 / Campo,0.07,0.065,0.08,0.015,False,False,False
Parc_1,37,591480.3604725929,276019.83523162187,590799.179009598,275960.60206092667,Zone 4 / Campo,0.07,0.065,0.08,0.015,False,False,False
Parc_1,38,591361.8941312025,276434.46742648835,590799.179009598,276316.0010850979,Zone 4 / Campo,0.06,0.055,0.07,0.015,False,False,False
Parc_1,39,591302.6609605073,276701.0166946168,590591.8629121648,276701.0166946168,Zone 4 / Campo,0.11,0.095,0.13,0.035,False,False,False
Parc_1,40,591152.078574955,277026.7991334405,590559.7468680029,276937.94937739766,Zone 4 / Campo,0.255,0.195,0.375,0.18,False,False,False
Parc_1,41,591313.7200649597,277382.1981576117,590602.9220166171,277441.4313283069,Zone 4 / Campo,0.155,0.13,0.2,0.07,False,False,False
Parc_2,1,593978.0718204802,291715.0015826776,593480.0909593836,291738.7149570156,Zone 4 / Campo,0.08,0.0675,0.1,0.0325,False,False,False
Parc_2,2,593921.566440021,291199.7793135962,593345.6181080505,291247.7750079271,Zone 4 / Campo,0.5,0.3775,0.5,0.1225,False,True,True
Parc_2,3,593921.566440021,290815.8137589493,593297.6224137197,290887.8073004456,Zone 4 / Campo,0.06,0.0525,0.0675,0.015,False,False,False
Parc_2,4,593873.5707456901,290431.8482043023,593201.631025058,290479.8438986332,Zone 4 / Campo,0.5,0.4175,0.5,0.0825,False,True,True
Parc_2,5,593849.5728985247,290023.88480248995,593273.6245665542,290023.88480248995,Zone 4 / Campo,0.08,0.065,0.1025,0.0375,False,False,False
Parc_2,6,593729.5836626975,289519.9300120158,593345.6181080505,289663.9170950084,Zone 4 / Campo,0.09,0.075,0.115,0.04,False,False,False
Parc_2,7,593561.5987325395,289231.9558460306,593105.6396363962,289231.9558460306,Zone 4 / Campo,0.11,0.095,0.1325,0.0375,False,False,False
Parc_2,8,593537.600885374,288751.9989027219,593081.6417892308,288823.9924442182,Zone 4 / Campo,0.08,0.065,0.11,0.045,False,False,False
Parc_2,9,593513.6030382086,288320.0376537441,592889.6590119073,288416.02904240583,Zone 4 / Campo,0.095,0.0775,0.12,0.0425,False,False,False
Parc_2,10,593393.6138023814,287984.067793428,592745.6719289147,288032.06348775886,Zone 4 / Campo,0.5,0.445,0.5,0.055,False,True,True
Parc_2,11,593249.6267193889,287624.1000859465,592721.6740817493,287672.09578027733,Zone 4 / Campo,0.115,0.0875,0.1625,0.075,False,False,False
Parc_2,12,593105.6396363962,287264.132378465,592481.6956100949,287216.1366841341,Zone 4 / Campo,0.08,0.0675,0.0975,0.03,False,False,False
Parc_2,13,593009.6482477345,286856.1689766525,592313.7106799369,286832.1711294872,Zone 4 / Campo,0.085,0.07,0.1075,0.0375,False,False,False
Parc_2,14,592769.6697760802,286472.20342200564,592313.7106799369,286496.2012691711,Zone 4 / Campo,0.11,0.09,0.15,0.06,False,False,False
Parc_2,15,592889.6590119073,286040.24217302783,592241.7171384406,286064.2400201932,Zone 4 / Campo,0.175,0.1175,0.3425,0.225,False,False,False
Parc_2,16,592865.6611647418,285656.27661838086,592169.7235969442,285656.27661838086,Zone 4 / Campo,0.04,0.035,0.05,0.015,True,False,True
Parc_2,17,592721.6740817493,285224.31536940305,592001.7386667862,285296.30891089933,Zone 4 / Campo,0.065,0.0575,0.0825,0.025,False,False,False
Parc_2,18,592457.6977629295,284864.3476619215,591905.7472781244,284912.3433562524,Zone 4 / Campo,0.07,0.065,0.0825,0.0175,False,False,False
Parc_2,19,592193.7214441097,284504.37995444,591665.7688064701,284792.3541204252,Zone 4 / Campo,0.115,0.08,0.215,0.135,False,False,False
Parc_2,20,591857.7515837937,284336.395024282,591377.794640485,284480.38210727455,Zone 4 / Campo,0.075,0.0675,0.09,0.0225,False,False,False
Parc_2,21,591785.7580422973,284048.42085829674,591233.8075574923,284024.4230111313,Zone 4 / Campo,0.07,0.065,0.0775,0.0125,False,False,False
Parc_2,22,591857.7515837937,283616.45960931893,591209.8097103268,283640.4574564844,Zone 4 / Campo,0.05,0.045,0.0575,0.0125,False,False,False
Parc_2,23,591761.7601951319,283280.48974900285,591209.8097103268,283304.4875961683,Zone 4 / Campo,0.085,0.0675,0.1225,0.055,False,False,False
Parc_2,24,591785.7580422973,282920.5220415213,591281.8032518232,282968.51773585216,Zone 4 / Campo,0.08,0.06,0.13,0.07,False,False,False
Parc_2,25,591809.7558894628,282608.5500283707,591233.8075574923,282560.5543340398,Zone 4 / Campo,0.08,0.065,0.11,0.045,False,False,False
Parc_2,26,591881.7494309591,282128.593085062,591185.8118631615,282176.5887793928,Zone 4 / Campo,0.075,0.0625,0.0975,0.035,False,False,False
Parc_2,27,591857.7515837937,281768.62537758047,591329.7989461541,281792.6232247459,Zone 4 / Campo,0.07,0.0575,0.09,0.0325,False,False,False
Parc_2,28,591857.7515837937,281264.6705871063,591329.7989461541,281384.6598229335,Zone 4 / Campo,0.075,0.0575,0.1,0.0425,False,False,False
Parc_2,29,591857.7515837937,280928.70072679024,591281.8032518232,280928.70072679024,Zone 4 / Campo,0.055,0.0475,0.0625,0.015,False,False,False
Parc_2,30,591881.7494309591,280568.7330193088,591281.8032518232,280568.7330193088,Zone 4 / Campo,0.1,0.0825,0.135,0.0525,False,False,False
Parc_2,31,591785.7580422973,280232.76315899263,591257.8054046577,280232.76315899263,Zone 4 / Campo,0.075,0.065,0.09,0.025,False,False,False
Parc_2,32,591905.7472781244,279824.79975718027,591305.8010989886,279848.7976043457,Zone 4 / Campo,0.065,0.0575,0.075,0.0175,False,False,False
Parc_2,33,591905.7472781244,279368.840661037,591281.8032518232,279440.8342025333,Zone 4 / Campo,0.085,0.07,0.11,0.04,False,False,False
Parc_2,34,591929.7451252899,278888.8837177283,591425.7903348159,278960.87725922465,Zone 4 / Campo,0.07,0.0575,0.085,0.0275,False,False,False
Parc_2,35,592001.7386667862,278456.9224687505,591257.8054046577,278576.9117045777,Zone 4 / Campo,0.09,0.08,0.105,0.025,False,False,False
Parc_2,36,591833.7537366282,278000.96337260725,591161.8140159961,278240.9418442616,Zone 4 / Campo,0.085,0.0725,0.11,0.0375,False,False,False
Parc_2,37,591521.7817234775,277545.004276464,591185.8118631615,277904.9719839455,Zone 4 / Campo,0.055,0.045,0.0725,0.0275,False,False,False
Parc_2,38,591209.8097103268,277401.0171934714,590873.8398500108,277808.9805952838,Zone 4 / Campo,0.06,0.0475,0.0775,0.03,False,False,False
